codigo,regiao,uf,nome,porte,snt,a1,a2,a3,a4,a5,b1,b2,b3,b4,c1,c2,c3,media_mortes
110092,Norte,Rondônia,Chupinguaia,Menor porte,Não municipalizado,0,0,0,0,0,19.37356635718187,0.5186477059297022,87.16875871687587,1403.4170153417015,324.8779637377964,26565.463737796374,0.652,0
110145,Norte,Rondônia,Parecis,Menor porte,Não municipalizado,0,0,0,0,0,18.38517717067893,0.5779253960143076,129.07389480477573,1097.1281058405937,315.7470151661826,17309.293320425943,0.617,0
110148,Norte,Rondônia,São Felipe D'Oeste,Menor porte,Não municipalizado,0,0,0,0,0,15.306512189015091,0.5868378812199037,138.1760757994473,1717.3312277931307,614.8835373075405,17613.501776549547,0.649,0
120005,Norte,Acre,Assis Brasil,Menor porte,Não municipalizado,0,0,0,0,0,9.507253886010362,0.7017089590885551,159.27794000530926,1898.0621183966018,256.3047517918768,12351.207857711706,0.588,0
120025,Norte,Acre,Epitaciolândia,Menor porte,Não municipalizado,0,0,0,0,0,10.796789868944192,0.4836342286804638,0,764.8694908001711,364.4094993581515,22633.87890457852,0.653,0
120035,Norte,Acre,Marechal Thaumaturgo,Menor porte,Não municipalizado,0,0,0,0,0,7.271739130434782,0.816,67.36100316078554,1196.9532100108813,19.431058604072753,10116.430903155604,0.501,0
120043,Norte,Acre,Santa Rosa do Purus,Menor porte,Não municipalizado,0,0,0,0,0,8.3659793814433,0.7333333333333333,238.2015780854548,1444.0970671430698,29.030817329164808,11195.17641804377,0.517,0
130002,Norte,Amazonas,Alvarães,Menor porte,Não municipalizado,0,0,0,0,0,9.793462109955424,0.9137931034482759,215.7829839704069,1596.794081381011,46.48581997533908,12086.683107274968,0.527,0
130008,Norte,Amazonas,Anamã,Menor porte,Não municipalizado,0,0,0,0,0,8.552486187845304,0.8743961352657005,143.30753797649754,1676.6981943250214,14.832330180567498,8729.14875322442,0.594,0
130010,Norte,Amazonas,Anori,Médio porte,Não municipalizado,0,0,0,0,0,9.016806722689076,0.819047619047619,107.09130697955952,866.0427433999162,24.444754854029892,9291.055547795317,0.561,0
130020,Norte,Amazonas,Atalaia do Norte,Médio porte,Não municipalizado,0,0,0,0,0,10.319722931097338,0.8805394990366089,156.87812530640258,1661.9276399647022,25.44367094813217,7401.5099519560745,0.45,0
130040,Norte,Amazonas,Barcelos,Médio porte,Não municipalizado,0,0,0,0,0,10.084581497797357,0.7994722955145118,108.54620450104929,1649.902308415949,41.13901150589768,6886.026485273898,0.5,0
130063,Norte,Amazonas,Beruri,Médio porte,Não municipalizado,0,0,0,0,0,9.900423728813559,0.8372093023255814,64.69914895734833,910.7649430149803,21.400487732045985,8280.19708356144,0.506,0
130083,Norte,Amazonas,Caapiranga,Médio porte,Não municipalizado,0,0,0,0,0,8.773333333333333,0.7258064516129032,0,0,0,0,0.569,0
130160,Norte,Amazonas,Fonte Boa,Menor porte,Não municipalizado,0,0,0,0,0,9.960247349823321,0.9309309309309309,341.0761540723317,2946.1922963834168,97.9123787121435,11003.293149073801,0.53,0
130165,Norte,Amazonas,Guajará,Médio porte,Não municipalizado,0,0,0,0,0,8.601459854014598,0.486284289276808,0,0,0,0,0.532,0
130195,Norte,Amazonas,Itamarati,Menor porte,Não municipalizado,0,0,0,0,0,10.603243243243243,0.8877887788778878,191.9631430765293,1638.0854875863834,38.77655490145892,13091.630406961864,0.477,0
130210,Norte,Amazonas,Japurá,Menor porte,Não municipalizado,0,0,0,0,0,8.2015503875969,0.896,888.494002665482,8218.569524655708,166.59262549977788,28489.56019546868,0.522,0
130220,Norte,Amazonas,Juruá,Menor porte,Não municipalizado,0,0,0,0,0,9.348695962843873,0.905587668593449,132.39772275916854,1072.4215543492653,34.35720905600424,7712.101151860188,0.522,0
130255,Norte,Amazonas,Manaquiri,Médio porte,Não municipalizado,0,0,0,0,0,10.68421052631579,0.6662576687116565,0,0,0,0,0.596,0
130300,Norte,Amazonas,Nhamundá,Médio porte,Não municipalizado,0,0,0,0,0,10.945726832563901,0.9306759098786829,121.25169052837755,2023.9705265121484,26.908548244182253,7793.638949773819,0.586,0
130370,Norte,Amazonas,Santo Antônio do Içá,Médio porte,Não municipalizado,0,0,0,0,0,9.300161812297734,0.9146868250539957,117.68582591912632,1887.6806477427858,43.590829920444385,8917.007955561832,0.49,0
130395,Norte,Amazonas,São Sebastião do Uatumã,Menor porte,Não municipalizado,0,0,0,0,0,12.033319167454723,0.8662420382165605,139.35340022296546,1205.406911928651,21.878483835005575,8540.273132664437,0.577,0
130423,Norte,Amazonas,Tonantins,Menor porte,Não municipalizado,0,0,0,0,0,9.802578565672844,0.949317738791423,174.6308937926655,1571.6780441339895,27.14716621685982,7812.827432925861,0.548,0
130426,Norte,Amazonas,Uarini,Menor porte,Não municipalizado,0,0,0,0,0,9.796161482461946,0.9284497444633731,146.09203798392988,1745.799853907962,42.87801314828342,14474.872169466764,0.527,0
150030,Norte,Pará,Afuá,Médio porte,Não municipalizado,0,0,0,0,0,7.923076923076923,0.3076923076923077,75.82075972401243,581.2924912174286,0.32855662547072056,9362.827608865975,0.489,0
150100,Norte,Pará,Aveiro,Menor porte,Não municipalizado,0,0,0,0,0,9.114093959731544,0.785234899328859,0,768.1053401609363,18.16630090221897,7535.905876615459,0.541,0
150125,Norte,Pará,Bannach,Menor porte,Não municipalizado,0,0,0,0,0,10.164071856287425,0.6395209580838324,306.5603923973023,2391.1710606989577,255.97792765174736,24890.251379521767,0.594,0
150250,Norte,Pará,Chaves,Médio porte,Não municipalizado,0,0,0,0,0,9.208333333333334,0.5,66.81142475363288,655.5871053950226,1.002171371304493,8157.424419575747,0.453,0
150280,Norte,Pará,Curralinho,Médio porte,Não municipalizado,0,0,0,0,0,6.745222929936306,0.9150743099787686,74.29845116305653,662.9707949934275,13.459450191461393,7276.475967308682,0.502,0
150300,Norte,Pará,Faro,Menor porte,Não municipalizado,0,0,0,0,0,6.763513513513513,0.7702702702702703,141.44271570014143,1994.3422913719942,20.933521923620933,8252.899575671852,0.563,0
150310,Norte,Pará,Gurupá,Médio porte,Não municipalizado,0,0,0,0,0,5.853368560105681,0.9114927344782034,68.13805362168567,835.4317878832766,22.42630721374611,8056.584209746704,0.509,0
150400,Norte,Pará,Limoeiro do Ajuru,Médio porte,Não municipalizado,0,0,0,0,0,6.2155844155844155,0.8909090909090909,68.30134553650707,1126.9722013523665,13.14800901577761,14502.458848439313,0.541,0
150450,Norte,Pará,Melgaço,Médio porte,Não municipalizado,0,0,0,0,0,7.285714285714286,0.8487394957983193,53.78271782000717,666.9057009680889,8.53352456077447,6493.044101828613,0.418,0
150770,Norte,Pará,São Sebastião da Boa Vista,Médio porte,Não municipalizado,0,0,0,0,0,6.087044534412955,0.9251012145748988,118.63275747015643,630.2365240602062,18.3139319344554,7603.136353525617,0.558,0
160010,Norte,Amapá,Amapá,Menor porte,Não municipalizado,0,0,0,0,0,7.400826446280992,0.5021645021645021,402.74300642211824,2449.1128768912595,75.43267660825079,17035.37607488843,0.642,0
160015,Norte,Amapá,Pedra Branca do Amapari,Menor porte,Municipalizado,0,0,0,0,0,10.10027553631175,0.3968871595330739,87.88890841975743,1453.0966192066562,45.174898927755315,19525.75145016699,0.626,0
160005,Norte,Amapá,Serra do Navio,Menor porte,Não municipalizado,0,0,0,0,0,8.006814310051107,0.3181818181818182,546.6472303206997,2241.253644314869,96.20991253644314,13277.879008746355,0.709,0
160080,Norte,Amapá,Vitória do Jari,Menor porte,Não municipalizado,0,0,0,0,0,9.465299684542586,0.530373831775701,49.21865386981666,996.6777408637873,26.331979820351915,12058.570198105082,0.619,0
170025,Norte,Tocantins,Abreulândia,Menor porte,Não municipalizado,0,0,0,0,0,13.82748948106592,0.4600280504908836,0,1850.4240555127217,274.8650732459522,20791.05628373169,0.665,0
171110,Norte,Tocantins,Itaporã do Tocantins,Menor porte,Não municipalizado,0,0,0,0,0,13.883780332056194,0.5696040868454662,0,1859.504132231405,323.55371900826447,19222.727272727272,0.65,0
171215,Norte,Tocantins,Lavandeira,Menor porte,Não municipalizado,0,0,0,0,0,12.148148148148149,0.5509259259259259,0,2047.082906857728,221.0849539406346,13176.049129989764,0.66,0
171550,Norte,Tocantins,Oliveira de Fátima,Menor porte,Não municipalizado,0,0,0,0,0,14.498559077809798,0.42939481268011526,0,2504.4722719141323,310.3756708407871,18602.862254025044,0.675,0
171780,Norte,Tocantins,Ponte Alta do Bom Jesus,Menor porte,Não municipalizado,0,0,0,0,0,13.432238193018481,0.46919917864476385,0,1720.7580047919841,212.1542147680244,11598.780222173818,0.603,0
171865,Norte,Tocantins,Rio da Conceição,Menor porte,Não municipalizado,0,0,0,0,0,16.040506329113924,0.3189873417721519,0,2210.9626900046064,181.9438046982957,10670.65868263473,0.608,0
171888,Norte,Tocantins,Santa Maria do Tocantins,Menor porte,Não municipalizado,0,0,0,0,0,13.590909090909092,0.5467532467532468,0,1262.1916236374068,220.8835341365462,16658.347676419966,0.634,0
172015,Norte,Tocantins,São Félix do Tocantins,Menor porte,Não municipalizado,0,0,0,0,0,10.947136563876652,0.5374449339207048,0,2377.9724655819778,142.05256570713394,14553.817271589487,0.574,0
172093,Norte,Tocantins,Taipas do Tocantins,Menor porte,Não municipalizado,0,0,0,0,0,13.272189349112425,0.4437869822485207,0,1754.3859649122805,156.04801477377654,12862.419205909511,0.601,0
172130,Norte,Tocantins,Tupiratins,Menor porte,Não municipalizado,0,0,0,0,0,13.177458033573142,0.5179856115107914,0,1245.877610846464,152.80322462440455,11536.460241846831,0.587,0
210173,Nordeste,Maranhão,Belágua,Menor porte,Não municipalizado,0,0,0,0,0,9.246187363834423,0.6326086956521739,0,1408.07651434644,61.10520722635494,6289.984059511158,0.512,0
210310,Nordeste,Maranhão,Cedral,Menor porte,Não municipalizado,0,0,0,0,0,9.032171581769436,0.7589519650655022,140.27868699148976,1103.5256709997195,107.07939773683718,6440.194519779295,0.605,0
210565,Nordeste,Maranhão,Junco do Maranhão,Menor porte,Não municipalizado,0,0,0,0,0,8.430260047281324,0.6847058823529412,68.30601092896175,1434.4262295081967,193.5336976320583,9931.466302367942,0.552,0
210920,Nordeste,Maranhão,Presidente Juscelino,Menor porte,Não municipalizado,0,0,0,0,0,8.844686648501362,0.6874435411020777,116.84062938152361,778.9375292101573,86.22838448356441,6402.632808848731,0.563,0
211080,Nordeste,Maranhão,São Félix de Balsas,Menor porte,Não municipalizado,0,0,0,0,0,10.29620253164557,0.5617128463476071,438.4042086804033,1468.6540990793512,87.02323542306006,9749.89039894783,0.557,0
220027,Nordeste,Piauí,Alegrete do Piauí,Menor porte,Não municipalizado,0,0,0,0,0,18.58018725460586,0.4983108108108108,0,976.0065067100447,120.37413582757219,8595.97397315982,0.585,0
220080,Nordeste,Piauí,Antônio Almeida,Menor porte,Não municipalizado,0,0,0,0,0,18.93690355899854,0.6641883519206939,0,1230.2839116719242,254.5741324921136,27252.05047318612,0.62,0
220155,Nordeste,Piauí,Bela Vista do Piauí,Menor porte,Não municipalizado,0,0,0,0,0,18.244235011028675,0.47645429362880887,0,1091.8114143920595,179.1563275434243,9537.468982630273,0.576,0
220202,Nordeste,Piauí,Buriti dos Montes,Menor porte,Não municipalizado,0,0,0,0,0,18.947731755424062,0.3742911153119093,193.61084220716361,750.242013552759,64.01258470474347,7478.097773475314,0.574,0
220207,Nordeste,Piauí,Cajazeiras do Piauí,Menor porte,Não municipalizado,0,0,0,0,0,17.761904761904763,0.8050089445438283,0,1539.3226980128743,156.45116148894485,7826.476350405821,0.562,0
220217,Nordeste,Piauí,Campo Largo do Piauí,Menor porte,Não municipalizado,0,0,0,0,0,19.967054263565892,0.6484641638225256,0,752.291068253317,80.15319381753521,6717.275338530981,0.528,0
220225,Nordeste,Piauí,Canavieira,Menor porte,Não municipalizado,0,0,0,0,0,19.103262265604933,0.6529850746268657,101.41987829614604,1090.26369168357,67.95131845841786,8756.33874239351,0.583,0
220535,Nordeste,Piauí,João Costa,Menor porte,Não municipalizado,0,0,0,0,0,16.46854012018381,0.7439703153988868,0,1297.83693843594,179.3677204658902,18353.743760399335,0.561,0
220551,Nordeste,Piauí,Juazeiro do Piauí,Menor porte,Não municipalizado,0,0,0,0,0,18.73668999087314,0.6484771573604061,0,656.3354603463993,143.66453965360074,9034.82224247949,0.57,0
220552,Nordeste,Piauí,Júlio Borges,Menor porte,Não municipalizado,0,0,0,0,0,19.691314963376353,0.5732758620689655,0,1152.482269503546,123.40425531914893,10927.482269503545,0.582,0
220557,Nordeste,Piauí,Lagoa de São Francisco,Menor porte,Não municipalizado,0,0,0,0,0,20.464510709785806,0.6923076923076923,0,811.568540652206,174.56101519846538,7437.8043382027445,0.529,0
220665,Nordeste,Piauí,Morro Cabeça no Tempo,Menor porte,Não municipalizado,0,0,0,0,0,19.867441167709263,0.6557971014492754,0,883.0022075055188,60.9271523178808,7365.783664459161,0.542,0
220675,Nordeste,Piauí,Nossa Senhora de Nazaré,Menor porte,Não municipalizado,0,0,0,0,0,18.60270767173659,0.6460176991150443,0,1022.2858311183808,231.03659783275404,8146.595788182376,0.586,0
220690,Nordeste,Piauí,Novo Oriente do Piauí,Menor porte,Não municipalizado,0,0,0,0,0,19.11171960569551,0.6672991777356104,122.02562538133007,1037.2178157413057,241.15314215985356,7643.532641854789,0.562,0
220710,Nordeste,Piauí,Olho D'Água do Piauí,Menor porte,Não municipalizado,0,0,0,0,0,18.13421052631579,0.7902813299232737,0,1094.0032414910859,316.85575364667744,9557.536466774716,0.576,0
220910,Nordeste,Piauí,Santa Cruz do Piauí,Menor porte,Não municipalizado,0,0,0,0,0,18.363513877661006,0.5590551181102362,336.16135745157675,1152.553225548263,203.2975828397631,9035.537057787738,0.601,0
220985,Nordeste,Piauí,São João da Canabrava,Menor porte,Não municipalizado,0,0,0,0,0,16.353363011905003,0.6092896174863388,0,823.5804074555699,237.97139141742522,8985.912440398786,0.559,0
221062,Nordeste,Piauí,Sebastião Barros,Menor porte,Não municipalizado,0,0,0,0,0,19.73781838316722,0.683291770573566,0,985.2216748768473,116.19820341929875,11103.448275862069,0.536,0
221095,Nordeste,Piauí,Tamboril do Piauí,Menor porte,Não municipalizado,0,0,0,0,0,18.909752155172413,0.5202952029520295,0,1229.0884260839878,92.52304540798907,8832.707408671902,0.501,0
221135,Nordeste,Piauí,Várzea Branca,Menor porte,Não municipalizado,0,0,0,0,0,13.095813858971754,0.5031928480204342,0,648.0356419603079,158.56622114216282,7877.683272579992,0.553,0
230480,Nordeste,Ceará,Granjeiro,Menor porte,Não municipalizado,0,0,0,0,0,10.064406779661017,0.5160744500846024,519.318653926049,1474.8649771499793,122.76692978811798,9366.846697133362,0.585,0
230510,Nordeste,Ceará,Guaramiranga,Menor porte,Municipalizado,0,0,0,0,0,12.276369168356998,0.6350734921439433,214.34138737334374,1539.360872954014,384.45050662509743,14664.653156664068,0.637,0
231120,Nordeste,Ceará,Potengi,Menor porte,Não municipalizado,0,0,0,0,0,12.79646017699115,0.6639935846030474,162.07455429497568,882.4059067170899,224.56329911759408,7668.377453628669,0.562,0
240150,Nordeste,Rio Grande do Norte,Barcelona,Menor porte,Não municipalizado,0,0,0,0,0,15.247298919567827,0.49101796407185627,300.45067601402104,1827.741612418628,209.06359539308963,10131.447170756133,0.566,0
240160,Nordeste,Rio Grande do Norte,Bento Fernandes,Menor porte,Não municipalizado,0,0,0,0,0,13.759839357429719,0.5364875701684042,271.49321266968326,1248.868778280543,225.70135746606334,9572.850678733032,0.582,0
240370,Nordeste,Rio Grande do Norte,Felipe Guerra,Menor porte,Não municipalizado,0,0,0,0,0,12.768347683476835,0.6017191977077364,250.12506253126563,1283.97532099383,407.370351842588,17382.691345672836,0.636,0
240375,Nordeste,Rio Grande do Norte,Fernando Pedroza,Menor porte,Não municipalizado,0,0,0,0,0,14.598715890850722,0.40865384615384615,0,2412.7812194326702,203.45614607107922,11187.805673296381,0.597,0
240390,Nordeste,Rio Grande do Norte,Francisco Dantas,Menor porte,Não municipalizado,0,0,0,0,0,13.438419117647058,0.6510560146923783,0,1386.4201919658726,387.13117667970135,10247.422680412372,0.606,0
240410,Nordeste,Rio Grande do Norte,Galinhos,Menor porte,Não municipalizado,0,0,0,0,0,16.661631419939578,0.22658610271903323,0,1933.2161687170474,116.34446397188049,33995.43057996485,0.564,0
240440,Nordeste,Rio Grande do Norte,Grossos,Menor porte,Não municipalizado,0,0,0,0,0,11.784491440080563,0.5773610180843939,124.24734779699895,841.058969702762,285.3866004014145,15804.83608907579,0.664,0
240480,Nordeste,Rio Grande do Norte,Ipueira,Menor porte,Não municipalizado,0,0,0,0,0,13.412517780938833,0.4793741109530583,0,1819.7958277851753,312.02840656901907,12508.655126498003,0.679,0
240530,Nordeste,Rio Grande do Norte,Januário Cicco,Menor porte,Não municipalizado,0,0,0,0,0,14.712806026365348,0.49012229539040453,175.1824817518248,739.6593673965937,206.90997566909974,7338.491484184915,0.574,0
240640,Nordeste,Rio Grande do Norte,Lagoa de Velhos,Menor porte,Não municipalizado,0,0,0,0,0,15.058091286307054,0.4820936639118457,292.82576866764276,1866.7642752562226,265.7393850658858,13153.001464128844,0.589,0
240690,Nordeste,Rio Grande do Norte,Lucrécia,Menor porte,Não municipalizado,0,0,0,0,0,12.118616144975288,0.6101973684210527,298.1366459627329,1763.975155279503,302.111801242236,12826.08695652174,0.646,0
240960,Nordeste,Rio Grande do Norte,Pedra Preta,Menor porte,Não municipalizado,0,0,0,0,0,13.428571428571429,0.46255506607929514,164.06890894175555,1845.7752255947496,279.3273174733388,12310.910582444627,0.558,0
240970,Nordeste,Rio Grande do Norte,Pedro Avelino,Menor porte,Não municipalizado,0,0,0,0,0,14.370514820592824,0.5050583657587548,0,1322.7115586953255,193.14594919585147,9266.496317450774,0.583,0
241025,Nordeste,Rio Grande do Norte,Porto do Mangue,Menor porte,Não municipalizado,0,0,0,0,0,13.290925266903914,0.45204262877442275,30.665440049064706,1318.6139221097824,172.6464274762343,24601.96258816314,0.59,0
241070,Nordeste,Rio Grande do Norte,Riacho da Cruz,Menor porte,Não municipalizado,0,0,0,0,0,13.670716889428919,0.595873786407767,664.0841173215274,1272.8278915329274,228.00221361372442,9550.359712230216,0.584,0
241110,Nordeste,Rio Grande do Norte,Ruy Barbosa,Menor porte,Não municipalizado,0,0,0,0,0,14.167146974063401,0.5223021582733813,361.9153674832962,1308.4632516703787,193.48552338530067,9876.391982182628,0.605,0
240933,Nordeste,Rio Grande do Norte,Santa Maria,Menor porte,Não municipalizado,0,0,0,0,0,14.955682630450323,0.4107142857142857,0,1209.7491549546344,249.06600249066003,13044.29816758584,0.59,0
241142,Nordeste,Rio Grande do Norte,Santana do Seridó,Menor porte,Não municipalizado,0,0,0,0,0,13.385214007782102,0.45006485084306097,409.0740052063964,2342.878393454816,286.72368910375604,12650.055782818892,0.642,0
241160,Nordeste,Rio Grande do Norte,São Bento do Norte,Menor porte,Não municipalizado,0,0,0,0,0,13.656498673740053,0.5371352785145889,0,1214.5748987854251,277.511961722488,129713.65476628634,0.555,0
241170,Nordeste,Rio Grande do Norte,São Bento do Trairí,Menor porte,Não municipalizado,0,0,0,0,0,13.50780437044745,0.5265348595213319,222.4694104560623,978.8654060066741,213.79310344827587,9474.7497219132365,0.595,0
241240,Nordeste,Rio Grande do Norte,São José do Seridó,Menor porte,Não municipalizado,0,0,0,0,0,11.336229946524064,0.5991983967935872,257.2347266881029,1521.9721329046088,320.9003215434084,25589.496248660234,0.694,0
241255,Nordeste,Rio Grande do Norte,São Miguel do Gostoso,Menor porte,Não municipalizado,0,0,0,0,0,12.46101980615255,0.483150800336984,67.55452615325227,1360.741169658367,229.10635012545842,32466.70526925304,0.591,0
241310,Nordeste,Rio Grande do Norte,Senador Elói de Souza,Menor porte,Não municipalizado,0,0,0,0,0,15.683013503909025,0.4427860696517413,114.24840868287905,881.3448669822099,229.6393014525869,8231.271421576628,0.583,0
241320,Nordeste,Rio Grande do Norte,Senador Georgino Avelino,Menor porte,Não municipalizado,0,0,0,0,0,12.592198581560284,0.46099290780141844,0,1471.900089206066,188.6708296164139,26812.22123104371,0.57,0
241370,Nordeste,Rio Grande do Norte,Sítio Novo,Menor porte,Não municipalizado,0,0,0,0,0,14.941241685144124,0.4756637168141593,215.7885272433016,989.0307498651321,162.56069052328718,8250.134867829527,0.572,0
241430,Nordeste,Rio Grande do Norte,Timbaúba dos Batistas,Menor porte,Não municipalizado,0,0,0,0,0,13.377880184331797,0.5252679938744257,0,2684.8409748038,269.7232548533664,14496.076001652209,0.64,0
241445,Nordeste,Rio Grande do Norte,Triunfo Potiguar,Menor porte,Não municipalizado,0,0,0,0,0,13.290556900726392,0.5881642512077294,373.13432835820896,2705.2238805970146,257.4626865671642,12674.440298507463,0.602,0
241475,Nordeste,Rio Grande do Norte,Venha-Ver,Menor porte,Não municipalizado,0,0,0,0,0,12.644110275689224,0.5350877192982456,190.24970273483947,951.2485136741973,189.77407847800237,9178.121284185494,0.555,0
241500,Nordeste,Rio Grande do Norte,Vila Flor,Menor porte,Não municipalizado,0,0,0,0,0,11.908302354399009,0.5668316831683168,657.4827802128992,1189.7307451471509,252.97432686286785,12999.373825923607,0.576,0
250115,Nordeste,Paraíba,Areia de Baraúnas,Menor porte,Não municipalizado,0,0,0,0,0,11.878881987577639,0.5279503105590062,0,1606.805293005671,152.17391304347828,9724.480151228734,0.562,0
250220,Nordeste,Paraíba,Bom Jesus,Menor porte,Não municipalizado,0,0,0,0,0,12.770689655172413,0.5862068965517241,0,1747.5728155339807,225.24271844660194,11417.864077669903,0.597,0
250290,Nordeste,Paraíba,Brejo dos Santos,Menor porte,Não municipalizado,0,0,0,0,0,11.942647956070775,0.7454323995127893,278.46534653465346,788.9851485148515,254.02227722772275,8518.25495049505,0.619,0
250340,Nordeste,Paraíba,Cacimba de Areia,Menor porte,Não municipalizado,0,0,0,0,0,12.302777777777777,0.6296809986130375,135.31799729364008,1542.6251691474965,195.12855209742895,9446.278755074425,0.596,0
250375,Nordeste,Paraíba,Cajazeirinhas,Menor porte,Não municipalizado,0,0,0,0,0,12.963609898107714,0.6885007278020379,0,2090.4836193447736,214.35257410296413,11056.786271450857,0.55,0
250410,Nordeste,Paraíba,Carrapateira,Menor porte,Não municipalizado,0,0,0,0,0,10.32994923857868,0.7027027027027027,0,1377.0003721622627,220.32005954596204,10218.087085969482,0.603,0
250435,Nordeste,Paraíba,Caturité,Menor porte,Não municipalizado,0,0,0,0,0,15.27032258064516,0.4064516129032258,0,1312.8205128205127,317.94871794871796,10720.205128205129,0.623,0
250720,Nordeste,Paraíba,Itatuba,Menor porte,Não municipalizado,0,0,0,0,0,10.40951932139491,0.6197183098591549,0,862.3819898329701,193.35511982570804,11307.007988380537,0.562,0
250937,Nordeste,Paraíba,Mato Grosso,Menor porte,Não municipalizado,0,0,0,0,0,12.977777777777778,0.65,0,1025.2904989747096,307.5871496924129,9389.268626110732,0.565,0
251060,Nordeste,Paraíba,Ouro Velho,Menor porte,Não municipalizado,0,0,0,0,0,14.841071428571428,0.4660714285714286,0,1378.8575180564676,183.84766907419566,10373.60472751149,0.614,0
251070,Nordeste,Paraíba,Passagem,Menor porte,Não municipalizado,0,0,0,0,0,11.89102564102564,0.5216,0,1642.0361247947455,256.56814449917897,9805.418719211822,0.62,0
251100,Nordeste,Paraíba,Pedra Branca,Menor porte,Não municipalizado,0,0,0,0,0,10.594660194174757,0.6888619854721549,0,1315.0973172014728,217.2540768016833,8474.224092582852,0.599,0
251170,Nordeste,Paraíba,Pilõezinhos,Menor porte,Não municipalizado,0,0,0,0,0,11.483226266952178,0.7073518915060671,0,887.991927346115,282.744702320888,9969.323915237133,0.564,0
251274,Nordeste,Paraíba,Riachão,Menor porte,Não municipalizado,0,0,0,0,0,13.045126353790614,0.6064981949458483,0,1630.2846090080134,153.0809615915999,8735.838629455651,0.574,0
251280,Nordeste,Paraíba,Riacho dos Cavalos,Menor porte,Não municipalizado,0,0,0,0,0,12.284789644012944,0.7014305491462852,93.66584709050463,866.4090855871679,253.71736330640437,9614.799203840299,0.568,0
251315,Nordeste,Paraíba,Santa Cecília,Menor porte,Não municipalizado,0,0,0,0,0,14.645374449339206,0.2665198237885463,0,1039.5963919889925,69.40834734750038,8326.708454364776,0.525,0
251335,Nordeste,Paraíba,Santa Inês,Menor porte,Não municipalizado,0,0,0,0,0,11.560411311053985,0.7336747759282971,278.3189535207348,1308.0990815474534,217.36710269969385,8706.651822989146,0.572,0
251440,Nordeste,Paraíba,São José de Espinharas,Menor porte,Não municipalizado,0,0,0,0,0,12.901084010840108,0.6178861788617886,0,1653.7800687285223,158.50515463917526,9694.802405498282,0.577,0
251465,Nordeste,Paraíba,São José do Brejo do Cruz,Menor porte,Não municipalizado,0,0,0,0,0,9.607287449392713,0.6653225806451613,0,1435.670900055218,136.9409166206516,13959.690778575372,0.581,0
251740,Nordeste,Paraíba,Zabelê,Menor porte,Não municipalizado,0,0,0,0,0,13.986338797814208,0.4726775956284153,0,1552.1064301552108,162.30598669623058,10426.164079822616,0.623,0
260360,Nordeste,Pernambuco,Camutanga,Menor porte,Não municipalizado,0,0,0,0,0,18.40312584209108,0.5038759689922481,139.99066728884742,1329.9113392440504,255.83294447036863,16769.832011199254,0.606,0
260920,Nordeste,Pernambuco,Maraial,Menor porte,Não municipalizado,0,0,0,0,0,17.953903345724907,0.5335892514395394,115.86452762923352,650.6238859180036,185.73975044563278,7577.629233511587,0.534,0
261210,Nordeste,Pernambuco,Salgadinho,Menor porte,Não municipalizado,0,0,0,0,0,14.586568730325288,0.557006092254134,45.175280086736535,560.1734730755331,103.81279363932057,6475.424647632815,0.534,0
270135,Nordeste,Alagoas,Campestre,Menor porte,Não municipalizado,0,0,0,0,0,13.11126961483595,0.25392296718972895,0,963.4742594190395,100.80529191832039,9036.381938452689,0.559,0
270150,Nordeste,Alagoas,Campo Grande,Menor porte,Não municipalizado,0,0,0,0,0,10.378177551818537,0.6748729972645565,0,1243.8590989860982,267.48196926936345,9784.049336260061,0.524,0
270190,Nordeste,Alagoas,Chã Preta,Menor porte,Não municipalizado,0,0,0,0,0,10.433608402100525,0.6019417475728155,0,1066.8855149774313,183.1486800711257,15661.742579674463,0.575,0
270390,Nordeste,Alagoas,Jundiá,Menor porte,Não municipalizado,0,0,0,0,0,13.248847926267281,0.4147465437788018,0,1256.9494802997342,157.36040609137055,11565.868987188784,0.562,0
270790,Nordeste,Alagoas,Santa Luzia do Norte,Menor porte,Não municipalizado,0,0,0,0,0,12.681818181818182,0.33150470219435735,0,1051.9125683060108,174.31693989071036,23854.371584699453,0.597,0
280190,Nordeste,Sergipe,Cumbe,Menor porte,Não municipalizado,0,0,0,0,0,19.078576225654803,0.5368516833484986,0,1400.7003501750876,274.8874437218609,12574.037018509254,0.604,0
280250,Nordeste,Sergipe,General Maynard,Menor porte,Não municipalizado,0,0,0,0,0,19.522866402592726,0.38909541511771994,0,1447.9905437352245,238.47517730496455,10679.373522458629,0.645,0
290195,Nordeste,Bahia,Apuarema,Menor porte,Não municipalizado,0,0,0,0,0,11.710655737704919,0.527823240589198,0,1068.2004930156122,167.3514105724459,8927.554094768557,0.552,0
290880,Nordeste,Bahia,Contendas do Sincorá,Menor porte,Não municipalizado,0,0,0,0,0,12.04004449388209,0.49444444444444446,0,2224.9690976514216,222.49690976514216,10453.89369592089,0.577,0
290950,Nordeste,Bahia,Cravolândia,Menor porte,Não municipalizado,0,0,0,0,0,13.846590909090908,0.4198581560283688,448.5142963931975,1158.6619323490936,131.75107456550177,7688.469444963558,0.599,0
291020,Nordeste,Bahia,Dom Macedo Costa,Menor porte,Não municipalizado,0,0,0,0,0,12.092792792792793,0.4622980251346499,0,1180.8118081180812,274.0467404674047,8893.480934809348,0.632,0
291165,Nordeste,Bahia,Guajeru,Menor porte,Não municipalizado,0,0,0,0,0,14.689411764705882,0.3573667711598746,0,2888.955762864881,191.99518507372855,8567.559434246163,0.569,0
291250,Nordeste,Bahia,Ibipitanga,Menor porte,Não municipalizado,0,0,0,0,0,14.021970850554709,0.5393478260869565,93.66428045761691,1471.86726433398,307.75406436074127,7065.765705492741,0.584,0
291290,Nordeste,Bahia,Ibirataia,Menor porte,Não municipalizado,0,0,0,0,0,12.732764428475186,0.49641737572772054,611.4769520225776,1908.3456524660664,300.0940733772343,12137.279935492541,0.576,0
291330,Nordeste,Bahia,Ichu,Menor porte,Não municipalizado,0,0,0,0,0,15.019467213114755,0.5056294779938587,353.6977491961415,1334.4051446945336,314.14790996784564,7565.112540192926,0.631,0
291380,Nordeste,Bahia,Ipecaetá,Menor porte,Não municipalizado,0,0,0,0,0,11.994880546075086,0.44741330301307564,83.60039013515396,717.5700153267381,122.54423853977984,6170.126793925038,0.55,0
291992,Nordeste,Bahia,Madre de Deus,Médio porte,Municipalizado,0,0,0,0,0,11.510014104372356,0.2196564348070966,130.64576334453153,1805.7110862262036,165.68682344158267,23969.531541620006,0.708,0
292145,Nordeste,Bahia,Mirante,Menor porte,Não municipalizado,0,0,0,0,0,16.334389857369256,0.33650039588281866,0,1420.6227062862556,149.5205398366284,7525.156860423819,0.527,0
292390,Nordeste,Bahia,Pau Brasil,Menor porte,Não municipalizado,0,0,0,0,0,11.983315954118874,0.5484375,134.2143299607681,1393.7641957464382,198.22424117282674,9072.26925459426,0.583,0
292830,Nordeste,Bahia,Santanópolis,Menor porte,Não municipalizado,0,0,0,0,0,11.993341404358354,0.4852852852852853,144.99219272808386,981.4856123131831,185.70153914789202,6657.260762881999,0.592,0
293325,Nordeste,Bahia,Vereda,Menor porte,Não municipalizado,0,0,0,0,0,9.897335423197493,0.5948275862068966,195.02681618722573,1072.6474890297416,207.37851454575005,12096.863318706322,0.577,0
310130,Sudeste,Minas Gerais,Alagoa,Menor porte,Não municipalizado,0,0,0,0,0,14.123655913978494,0.3247863247863248,637.8986866791745,2176.3602251407133,439.0243902439024,14712.570356472796,0.649,0
310140,Sudeste,Minas Gerais,Albertina,Menor porte,Não municipalizado,0,0,0,0,0,11.796565170496972,0.2374405076679006,0,1693.789438724676,628.0305546330122,15711.059448688144,0.673,0
310205,Sudeste,Minas Gerais,Alto Caparaó,Menor porte,Não municipalizado,0,0,0,0,0,11.676631883616421,0.34177215189873417,0,1577.8758059043093,549.5419070240923,11664.913471326772,0.661,0
310220,Sudeste,Minas Gerais,Alvarenga,Menor porte,Não municipalizado,0,0,0,0,0,12.036948176583493,0.524390243902439,0,1925.0780437044746,554.630593132154,10870.187304890738,0.592,0
310310,Sudeste,Minas Gerais,Antônio Prado de Minas,Menor porte,Não municipalizado,0,0,0,0,0,14.348567348031777,0.40153172866520787,0,3024.5746691871454,575.9294265910523,14892.249527410208,0.684,0
310320,Sudeste,Minas Gerais,Araçaí,Menor porte,Não municipalizado,0,0,0,0,0,11.452576699418488,0.20396600566572237,0,1954.1206457094308,299.91503823279527,24208.58113848768,0.695,0
310330,Sudeste,Minas Gerais,Aracitaba,Menor porte,Não municipalizado,0,0,0,0,0,11.921091086215295,0.3149171270718232,0,1651.2870325400681,351.6270033997086,11608.062166100048,0.661,0
310360,Sudeste,Minas Gerais,Arantina,Menor porte,Não municipalizado,0,0,0,0,0,13.375348189415043,0.2555720653789004,0,2152.8525296017224,482.95658414065304,19423.753139576605,0.697,0
310380,Sudeste,Minas Gerais,Arapuá,Menor porte,Não municipalizado,0,0,0,0,0,13.694438086518653,0.2859598853868195,0,2539.6825396825398,615.5202821869489,44842.328042328045,0.724,0
310445,Sudeste,Minas Gerais,Aricanduva,Menor porte,Não municipalizado,0,0,0,0,0,14.71014272699666,0.5718349928876245,0,1157.7149364205732,266.84380337825013,10101.72708293794,0.582,0
310520,Sudeste,Minas Gerais,Bandeira,Menor porte,Não municipalizado,0,0,0,0,0,14.858101779581641,0.5436382754994742,0,1174.989509022241,199.5383969785984,10056.651279899286,0.599,0
310550,Sudeste,Minas Gerais,Barão de Monte Alto,Menor porte,Não municipalizado,0,0,0,0,0,11.915405448462641,0.43191721132897604,0,1307.433694434068,342.92118042584985,9271.012327231976,0.649,0
310640,Sudeste,Minas Gerais,Belo Vale,Menor porte,Não municipalizado,0,0,0,0,0,11.959117328342035,0.25839793281653745,401.6064257028112,1839.6165306386838,601.6323357947921,24348.87938852183,0.655,0
310810,Sudeste,Minas Gerais,Bonfim,Menor porte,Não municipalizado,0,0,0,0,0,12.061633663366337,0.4068337129840547,0,1195.33527696793,639.9416909620991,14915.889212827988,0.637,0
310825,Sudeste,Minas Gerais,Bonito de Minas,Menor porte,Não municipalizado,0,0,0,0,0,12.095471903982542,0.5220338983050847,0,1416.1315858914593,129.73876330372065,7116.808866215147,0.537,0
310880,Sudeste,Minas Gerais,Braúnas,Menor porte,Não municipalizado,0,0,0,0,0,13.506082725060827,0.45351043643263755,0,1321.0316628223948,331.51604109876286,33472.0067100021,0.624,0
310945,Sudeste,Minas Gerais,Cabeceira Grande,Menor porte,Não municipalizado,0,0,0,0,0,11.881269079808112,0.2566295979469632,0,1502.575844304522,167.2867773325701,42887.23526044648,0.648,0
310980,Sudeste,Minas Gerais,Cachoeira Dourada,Menor porte,Não municipalizado,0,0,0,0,0,13.029749631811487,0.2956841138659321,0,1847.7457501847746,402.4390243902439,29896.156688839616,0.726,0
311020,Sudeste,Minas Gerais,Cajuri,Menor porte,Não municipalizado,0,0,0,0,0,12.792344918609766,0.44148067501360916,0,1786.6129843985907,462.2546552591847,18126.572722697532,0.617,0
311040,Sudeste,Minas Gerais,Camacho,Menor porte,Não municipalizado,0,0,0,0,0,10.584170854271356,0.375453446191052,0,1742.767514813524,576.5074939003138,13414.778668525618,0.69,0
311115,Sudeste,Minas Gerais,Campo Azul,Menor porte,Não municipalizado,0,0,0,0,0,14.250919493257049,0.4852374839537869,0,1542.887029288703,203.7133891213389,9091.52719665272,0.621,0
311210,Sudeste,Minas Gerais,Caparaó,Menor porte,Não municipalizado,0,0,0,0,0,15.217315150756912,0.4215547703180212,0,1229.1322693083837,519.1707943496606,11356.264905521923,0.624,0
311265,Sudeste,Minas Gerais,Capitão Andrade,Menor porte,Não municipalizado,0,0,0,0,0,14.005687932359724,0.5461847389558233,0,1414.5810663764962,406.4200217627856,9003.808487486398,0.624,0
311310,Sudeste,Minas Gerais,Caranaíba,Menor porte,Não municipalizado,0,0,0,0,0,16.008009886488466,0.3076923076923077,0,1452.9374605180037,353.12697409981047,10444.093493367025,0.634,0
311380,Sudeste,Minas Gerais,Carmésia,Menor porte,Não municipalizado,0,0,0,0,0,16.14097456328532,0.16628086419753085,377.9289493575208,1360.5442176870747,979.5918367346939,12555.177626606199,0.65,0
311470,Sudeste,Minas Gerais,Carvalhópolis,Menor porte,Não municipalizado,0,0,0,0,0,13.849322045299482,0.2830188679245283,0,1000.8340283569642,545.176536002224,13180.150125104254,0.724,0
311490,Sudeste,Minas Gerais,Casa Grande,Menor porte,Não municipalizado,0,0,0,0,0,16.349385307346328,0.38391224862888484,0,1464.0638864241348,485.35936113575866,21259.982253771075,0.652,0
311610,Sudeste,Minas Gerais,Chapada do Norte,Menor porte,Não municipalizado,0,0,0,0,0,16.72030764679781,0.5685676969960819,0,951.4499837080482,149.69045291625937,6537.308569566634,0.598,0
311620,Sudeste,Minas Gerais,Chiador,Menor porte,Não municipalizado,0,0,0,0,0,16.603130169232728,0.13468869123252858,0,2321.2280044926993,883.938599775365,12190.939722950206,0.711,0
311520,Sudeste,Minas Gerais,Conceição da Barra de Minas,Menor porte,Não municipalizado,0,0,0,0,0,16.348070095063566,0.3572192513368984,0,886.9741510390269,473.89761784085147,12904.460212873797,0.685,0
311720,Sudeste,Minas Gerais,Conceição das Pedras,Menor porte,Não municipalizado,0,0,0,0,0,14.716188144521107,0.3014032946918853,0,1848.560255954497,582.6519729825809,14265.908282971915,0.668,0
311787,Sudeste,Minas Gerais,Confins,Menor porte,Municipalizado,0,0,0,0,0,16.24680983504513,0.17024005864027855,0,1544.1176470588236,802.5,191416.76470588235,0.747,0
311810,Sudeste,Minas Gerais,Congonhas do Norte,Menor porte,Não municipalizado,0,0,0,0,0,17.183070866141733,0.3878594249201278,0,1010.7015457788348,310.1466508125248,8189.456995640111,0.568,0
311850,Sudeste,Minas Gerais,Consolação,Menor porte,Não municipalizado,0,0,0,0,0,15.961076721065465,0.270223752151463,0,784.7533632286995,325.67264573991037,14566.143497757848,0.673,0
311990,Sudeste,Minas Gerais,Córrego do Bom Jesus,Menor porte,Não municipalizado,0,0,0,0,0,13.51269822344104,0.3031674208144796,0,703.8440714672441,598.2674607471575,10451.813752030319,0.692,0
312000,Sudeste,Minas Gerais,Córrego Novo,Menor porte,Não municipalizado,0,0,0,0,0,20.11206328279499,0.49510763209393344,0,1466.275659824047,374.633431085044,12065.615835777126,0.632,0
312020,Sudeste,Minas Gerais,Cristais,Menor porte,Não municipalizado,0,0,0,0,0,18.699396599012616,0.2548573163327262,146.93372515660042,1051.7361379630345,509.4733585956229,14611.940298507463,0.692,0
312083,Sudeste,Minas Gerais,Cuparaque,Menor porte,Não municipalizado,0,0,0,0,0,16.678043456692134,0.5394594594594595,0,1018.981018981019,369.6303696303696,11373.826173826174,0.627,0
312170,Sudeste,Minas Gerais,Diogo de Vasconcelos,Menor porte,Não municipalizado,0,0,0,0,0,17.025023169601482,0.49635036496350365,0,1266.4907651715039,361.47757255936676,9045.646437994723,0.601,0
312270,Sudeste,Minas Gerais,Dom Silvério,Menor porte,Não municipalizado,0,0,0,0,0,17.683238636363637,0.37164597517020426,516.0550458715596,1739.2966360856267,477.2553516819572,17366.016819571865,0.709,0
312280,Sudeste,Minas Gerais,Dom Viçoso,Menor porte,Não municipalizado,0,0,0,0,0,17.63711911357341,0.32847778587035686,0,1534.8682015348681,458.1247914581248,10682.349015682348,0.687,0
312330,Sudeste,Minas Gerais,Dores do Turvo,Menor porte,Não municipalizado,0,0,0,0,0,18.315564424173317,0.47049737411183196,0,1323.8770685579195,765.2482269503547,11913.238770685579,0.629,0
312340,Sudeste,Minas Gerais,Doresópolis,Menor porte,Não municipalizado,0,0,0,0,0,16.635476463834674,0.24057971014492754,0,2544.031311154599,450.0978473581213,35948.4670580561,0.692,0
312350,Sudeste,Minas Gerais,Douradoquara,Menor porte,Não municipalizado,0,0,0,0,0,14.531566963361623,0.23846153846153847,0,2196.652719665272,475.94142259414224,30627.615062761506,0.706,0
312470,Sudeste,Minas Gerais,Estrela do Indaiá,Menor porte,Não municipalizado,0,0,0,0,0,12.471578947368421,0.17048346055979643,601.5468347178459,1833.2855915210541,450.3007734173589,28801.775995416785,0.676,0
312580,Sudeste,Minas Gerais,Fernandes Tourinho,Menor porte,Não municipalizado,0,0,0,0,0,15.910748657684126,0.4268846503178928,0,1442.5851125216388,317.65724177726486,13385.170225043277,0.646,0
312650,Sudeste,Minas Gerais,Francisco Badaró,Menor porte,Não municipalizado,0,0,0,0,0,17.730293159609122,0.6742283376719971,106.57881988179439,1123.9221005716502,260.5367696928592,5990.601685883151,0.622,0
312680,Sudeste,Minas Gerais,Frei Gaspar,Menor porte,Não municipalizado,0,0,0,0,0,16.31596131337399,0.553835327234342,0,1192.7074459021978,242.1196115181462,10185.3808144488,0.59,0
312695,Sudeste,Minas Gerais,Frei Lagonegro,Menor porte,Não municipalizado,0,0,0,0,0,18.40614741868099,0.5767817781043351,0,917.6942930886148,390.30685402925155,9135.933467163752,0.543,0
312735,Sudeste,Minas Gerais,Glaucilândia,Menor porte,Não municipalizado,0,0,0,0,0,19.714341962791615,0.5087719298245614,0,1201.0113780025285,108.09102402022756,10656.13147914033,0.679,0
312740,Sudeste,Minas Gerais,Gonçalves,Menor porte,Não municipalizado,0,0,0,0,0,17.996409335727108,0.2768361581920904,0,1010.3329506314582,609.6440872560275,15947.416762342136,0.683,0
312790,Sudeste,Minas Gerais,Grupiara,Menor porte,Não municipalizado,0,0,0,0,0,15.72177785464136,0.2957074721780604,0,4037.4909877433306,453.4967555875991,22725.306416726748,0.731,0
312890,Sudeste,Minas Gerais,Guimarânia,Menor porte,Não municipalizado,0,0,0,0,0,14.932966023875116,0.24060676779463244,0,1196.7921036397286,528.6859962985811,27442.8130783467,0.693,0
312940,Sudeste,Minas Gerais,Ibertioga,Menor porte,Não municipalizado,0,0,0,0,0,22.233660338896676,0.25090532850491465,958.0838323353294,2514.970059880239,385.82834331337324,14176.24750499002,0.657,0
312965,Sudeste,Minas Gerais,Ibiracatu,Menor porte,Não municipalizado,0,0,0,0,0,16.287365935255337,0.5695006747638327,0,1490.0353883404732,276.02905569007265,8454.274539020302,0.591,0
312990,Sudeste,Minas Gerais,Ibitiúra de Minas,Menor porte,Não municipalizado,0,0,0,0,0,18.945178764897076,0.2340942204953861,0,1116.8384879725086,589.6334478808706,13942.726231386025,0.674,0
313000,Sudeste,Minas Gerais,Ibituruna,Menor porte,Não municipalizado,0,0,0,0,0,20.762788232175986,0.1746031746031746,0,1001.3351134846463,294.39252336448595,13801.401869158879,0.675,0
313110,Sudeste,Minas Gerais,Inimutaba,Menor porte,Não municipalizado,0,0,0,0,0,17.123566878980892,0.44631147540983607,0,1243.3862433862435,322.75132275132273,9934.656084656084,0.664,0
313140,Sudeste,Minas Gerais,Ipiaçu,Menor porte,Não municipalizado,0,0,0,0,0,16.366211840888067,0.3916150547879943,0,1372.7810650887575,496.80473372781063,24756.686390532544,0.696,0
313200,Sudeste,Minas Gerais,Itacambira,Menor porte,Não municipalizado,0,0,0,0,0,18.28584229390681,0.45317220543806647,0,1052.242938896068,61.103932065719036,10182.757984124053,0.628,0
313610,Sudeste,Minas Gerais,Joanésia,Menor porte,Não municipalizado,0,0,0,0,0,17.24631547124178,0.5126617895329206,0,1407.5067024128687,397.0062555853441,16252.234137622878,0.626,0
313655,Sudeste,Minas Gerais,José Raydan,Menor porte,Não municipalizado,0,0,0,0,0,18.530294396961065,0.533969010727056,0,910.8910891089108,332.2772277227723,11859.009900990099,0.617,0
313730,Sudeste,Minas Gerais,Lagoa dos Patos,Menor porte,Não municipalizado,0,0,0,0,0,15.585521238397472,0.41120607787274455,0,1739.343459088682,257.96178343949043,10889.759921607056,0.634,0
313790,Sudeste,Minas Gerais,Lamim,Menor porte,Não municipalizado,0,0,0,0,0,18.295794342260944,0.4725787631271879,236.75643681562593,1568.5113939035218,507.2506658774786,11806.155667357207,0.655,0
313800,Sudeste,Minas Gerais,Laranjal,Menor porte,Não municipalizado,0,0,0,0,0,16.378476636999363,0.2717110920034394,336.6017854529489,1317.1374213376262,510.6102736718864,11899.75120737597,0.714,0
313865,Sudeste,Minas Gerais,Lontra,Menor porte,Não municipalizado,0,0,0,0,0,12.219222462203025,0.40408525754884544,0,947.0866790199713,231.83034795141032,7935.762816553428,0.646,0
313867,Sudeste,Minas Gerais,Luisburgo,Menor porte,Não municipalizado,0,0,0,0,0,18.58470194647202,0.42986777288047706,0,878.8750399488655,616.331096196868,10984.340044742728,0.608,0
313868,Sudeste,Minas Gerais,Luislândia,Menor porte,Não municipalizado,0,0,0,0,0,16.800355450236967,0.39466666666666667,0,1012.206013694552,167.46055373623102,7915.302173265853,0.614,0
314040,Sudeste,Minas Gerais,Marmelópolis,Menor porte,Não municipalizado,0,0,0,0,0,18.323690103000448,0.4194214876033058,0,1466.275659824047,532.258064516129,12578.079178885631,0.65,0
314060,Sudeste,Minas Gerais,Materlândia,Menor porte,Não municipalizado,0,0,0,0,0,15.261268143621084,0.5203145478374837,0,1239.8557258791704,344.0036068530207,10759.918845807033,0.597,0
314120,Sudeste,Minas Gerais,Matutina,Menor porte,Não municipalizado,0,0,0,0,0,17.38887410167687,0.2148014440433213,267.30820636193533,1764.234161988773,592.3549852980486,19363.53916065223,0.707,0
314130,Sudeste,Minas Gerais,Medeiros,Menor porte,Não municipalizado,0,0,0,0,0,19.221757322175733,0.2017423200366804,0,1174.321503131524,569.1544885177453,32554.27974947808,0.711,0
314250,Sudeste,Minas Gerais,Monjolos,Menor porte,Não municipalizado,0,0,0,0,0,16.509673280031585,0.41697416974169743,0,3178.928247048138,123.06993642143506,15351.952770208902,0.65,0
314360,Sudeste,Minas Gerais,Morro da Garça,Menor porte,Não municipalizado,0,0,0,0,0,18.22520473157416,0.29129886506935687,0,1600.328272466147,325.40008206811655,20009.02749281904,0.648,0
314370,Sudeste,Minas Gerais,Morro do Pilar,Menor porte,Não municipalizado,0,0,0,0,0,13.895740905057675,0.45663716814159294,31.71582619727244,1110.0539169045353,358.38883602917855,10960.038058991437,0.597,0
314420,Sudeste,Minas Gerais,Nacip Raydan,Menor porte,Não municipalizado,0,0,0,0,0,16.77030427819721,0.54858934169279,0,1273.2919254658386,198.13664596273293,9207.453416149068,0.585,0
314467,Sudeste,Minas Gerais,Nova Belém,Menor porte,Não municipalizado,0,0,0,0,0,13.837127845884414,0.5964343598055105,0,1982.0971867007675,394.5012787723785,14165.920716112532,0.592,0
314490,Sudeste,Minas Gerais,Nova Módica,Menor porte,Não municipalizado,0,0,0,0,0,15.462160176340927,0.5836614173228346,0,1455.3596417576268,284.3548838511055,12803.52644836272,0.63,0
314550,Sudeste,Minas Gerais,Olímpio Noronha,Menor porte,Não municipalizado,0,0,0,0,0,18.856927142317854,0.20846905537459284,0,1423.994304022784,327.874688501246,12955.856176575293,0.674,0
314670,Sudeste,Minas Gerais,Palma,Menor porte,Não municipalizado,0,0,0,0,0,18.95438596491228,0.388283378746594,423.5365300257147,1724.3987293904097,444.10830434124944,12027.076085312357,0.703,0
314780,Sudeste,Minas Gerais,Passa Vinte,Menor porte,Não municipalizado,0,0,0,0,0,16.152715220531995,0.1261727596247169,0,1821.7626784835056,1521.9103889709502,15659.773510585917,0.648,0
314875,Sudeste,Minas Gerais,Pedra Bonita,Menor porte,Não municipalizado,0,0,0,0,0,17.849783981389166,0.37725225225225223,0,982.0426487093155,498.3164983164983,8570.847362514029,0.573,0
314900,Sudeste,Minas Gerais,Pedra Dourada,Menor porte,Não municipalizado,0,0,0,0,0,16.793916023993145,0.40468583599574015,0,1895.7345971563982,370.85308056872043,12563.191153238547,0.655,0
315010,Sudeste,Minas Gerais,Piau,Menor porte,Não municipalizado,0,0,0,0,0,18.142674028791166,0.29849726775956287,0,2012.4405415294548,535.675082327113,25075.009147457007,0.629,0
315053,Sudeste,Minas Gerais,Pingo d'Água,Menor porte,Não municipalizado,0,0,0,0,0,15.443717277486911,0.33519553072625696,0,1143.2009626955476,215.40312876052948,9622.743682310469,0.619,0
315057,Sudeste,Minas Gerais,Pintópolis,Menor porte,Não municipalizado,0,0,0,0,0,21.201256024536292,0.5833333333333334,0,1182.8814460393407,215.311004784689,8107.123870281765,0.594,0
315300,Sudeste,Minas Gerais,Pratinha,Menor porte,Não municipalizado,0,0,0,0,0,16.685681470137826,0.26733536851286527,55.0812448361333,1294.4092536491323,631.5064720462682,23871.38529330763,0.721,0
315330,Sudeste,Minas Gerais,Presidente Kubitschek,Menor porte,Não municipalizado,0,0,0,0,0,13.329087048832271,0.34841628959276016,0,1666.1112962345885,368.210596467844,9967.344218593802,0.595,0
315390,Sudeste,Minas Gerais,Raposos,Menor porte,Municipalizado,0,0,0,0,0,18.899782135076254,0.3302875571083042,0,699.9817396067929,452.97948749163066,9493.882768275611,0.73,0
315420,Sudeste,Minas Gerais,Resende Costa,Menor porte,Não municipalizado,0,0,0,0,0,16.938657959423267,0.28013793103448276,424.6100519930676,1637.7816291161178,628.2495667244368,15636.655112651646,0.685,0
315510,Sudeste,Minas Gerais,Rio do Prado,Menor porte,Não municipalizado,0,0,0,0,0,15.754965073277633,0.4930232558139535,0,1636.469900642899,209.42918371322813,8883.304110656536,0.605,0
315500,Sudeste,Minas Gerais,Rio Doce,Menor porte,Não municipalizado,0,0,0,0,0,13.647186147186147,0.3393665158371041,0,1717.5572519083971,421.7557251908397,19171.75572519084,0.664,0
315520,Sudeste,Minas Gerais,Rio Espera,Menor porte,Não municipalizado,0,0,0,0,0,16.2576813839401,0.5805714285714285,333.20992225101816,1240.2813772676786,485.9311366160681,9215.845982969271,0.602,0
315640,Sudeste,Minas Gerais,Romaria,Menor porte,Não municipalizado,0,0,0,0,0,16.385516506922258,0.18669920683343502,0,1221.5909090909092,465.625,34458.806818181816,0.708,0
315660,Sudeste,Minas Gerais,Rubim,Menor porte,Não municipalizado,0,0,0,0,0,14.730688935281837,0.5063568610258659,341.26365054602184,1482.059282371295,222.40639625585024,8966.55616224649,0.609,0
315727,Sudeste,Minas Gerais,Santa Bárbara do Monte Verde,Menor porte,Não municipalizado,0,0,0,0,0,20.41828793774319,0.13365617433414043,0,2105.5939660590825,1297.9258328095539,16226.587052168448,0.606,0
315733,Sudeste,Minas Gerais,Santa Cruz de Minas,Menor porte,Não municipalizado,0,0,0,0,0,13.231573705179283,0.38510260957689385,0,715.6048014773777,455.56325023084025,11015.697137580793,0.706,0
315740,Sudeste,Minas Gerais,Santa Cruz do Escalvado,Menor porte,Não municipalizado,0,0,0,0,0,18.29470072436142,0.39430284857571213,0,1121.6931216931216,423.4920634920635,11662.010582010582,0.625,0
315765,Sudeste,Minas Gerais,Santa Helena de Minas,Menor porte,Não municipalizado,0,0,0,0,0,14.939671899805962,0.5232172470978441,0,1644.2217350454118,188.85061071093014,7683.683056686502,0.567,0
315840,Sudeste,Minas Gerais,Santana de Cataguases,Menor porte,Não municipalizado,0,0,0,0,0,17.070819672131147,0.41753246753246753,0,1002.3130300693908,395.7851452068877,10891.287586738628,0.694,0
315860,Sudeste,Minas Gerais,Santana do Deserto,Menor porte,Não municipalizado,0,0,0,0,0,16.130925507900677,0.19005030743432086,0,1582.5169555388093,449.3845767395127,10415.473499120824,0.651,0
315870,Sudeste,Minas Gerais,Santana do Garambéu,Menor porte,Não municipalizado,0,0,0,0,0,16.72871452420701,0.29411764705882354,0,1736.6720516962844,336.42972536348947,12448.303715670436,0.667,0
315880,Sudeste,Minas Gerais,Santana do Jacaré,Menor porte,Não municipalizado,0,0,0,0,0,15.851224105461393,0.15968732551647125,0,1158.4609019445593,370.5006206040546,17529.78899462143,0.647,0
315900,Sudeste,Minas Gerais,Santana do Riacho,Menor porte,Não municipalizado,0,0,0,0,0,17.152912007286343,0.2899305555555556,0,1251.4484356894552,400.4634994206257,18696.176129779837,0.665,0
316060,Sudeste,Minas Gerais,Santo Hipólito,Menor porte,Não municipalizado,0,0,0,0,0,16.67832460732984,0.45207100591715976,0,2153.344208809135,275.69331158238174,11819.57585644372,0.657,0
316080,Sudeste,Minas Gerais,São Bento Abade,Menor porte,Não municipalizado,0,0,0,0,0,13.709276018099548,0.1337142857142857,0,1103.0099083940922,327.1639558796037,12540.287904281175,0.672,0
316095,Sudeste,Minas Gerais,São Domingos das Dores,Menor porte,Não municipalizado,0,0,0,0,0,16.788311247026844,0.4628099173553719,0,972.0749381406858,598.7981618946624,11889.360197949805,0.638,0
316160,Sudeste,Minas Gerais,São Geraldo da Piedade,Menor porte,Não municipalizado,0,0,0,0,0,15.77585010409438,0.6428098078197482,0,1304.3478260869565,385.93350383631713,9293.09462915601,0.6,0
316225,Sudeste,Minas Gerais,São João da Lagoa,Menor porte,Não municipalizado,0,0,0,0,0,14.604457693507573,0.36311475409836064,0,1601.7842660178426,247.36415247364152,9821.97891321979,0.634,0
316295,Sudeste,Minas Gerais,São José da Lapa,Médio porte,Municipalizado,0,0,0,0,0,12.360591133004926,0.1703265499290109,0,923.9693391340377,875.4920240314896,21449.803190387403,0.729,0
316340,Sudeste,Minas Gerais,São José do Goiabal,Menor porte,Não municipalizado,0,0,0,0,0,20.649819494584836,0.31563565513882125,0,1188.0452942268425,381.1026545387043,10357.713012808614,0.666,0
316360,Sudeste,Minas Gerais,São José do Mantimento,Menor porte,Não municipalizado,0,0,0,0,0,13.420302375809936,0.5305343511450382,0,1817.533856022808,466.8567355666429,11350.32074126871,0.657,0
316420,Sudeste,Minas Gerais,São Romão,Menor porte,Não municipalizado,0,0,0,0,0,17.211206896551722,0.4126290706910246,143.66669327160986,933.8335062654642,200.97374092106313,12125.389097294277,0.64,0
316480,Sudeste,Minas Gerais,São Sebastião do Rio Preto,Menor porte,Não municipalizado,0,0,0,0,0,15.616399622997173,0.4737903225806452,0,2680.9651474530833,332.4396782841823,13918.23056300268,0.632,0
316490,Sudeste,Minas Gerais,São Sebastião do Rio Verde,Menor porte,Não municipalizado,0,0,0,0,0,17.527655604424897,0.27405857740585776,0,1244.4444444444443,424.88888888888886,14185.777777777777,0.676,0
316530,Sudeste,Minas Gerais,São Vicente de Minas,Menor porte,Não municipalizado,0,0,0,0,0,17.704633204633204,0.15860039241334206,383.8771593090211,1113.243761996161,391.2987843889955,21209.34101087652,0.715,0
316556,Sudeste,Minas Gerais,Sem-Peixe,Menor porte,Não municipalizado,0,0,0,0,0,14.822979537759458,0.45549738219895286,0,1957.0222563315426,366.46201074443593,12157.329240214889,0.654,0
316560,Sudeste,Minas Gerais,Senador Cortes,Menor porte,Não municipalizado,0,0,0,0,0,18.115147685989577,0.22126745435016112,0,1098.3524712930605,464.8027958062906,16480.77883175237,0.674,0
316590,Sudeste,Minas Gerais,Senador Modestino Gonçalves,Menor porte,Não municipalizado,0,0,0,0,0,18.199471446627598,0.42592592592592593,0,1412.911084043849,315.7125456760049,23210.962241169305,0.62,0
316630,Sudeste,Minas Gerais,Sericita,Menor porte,Não municipalizado,0,0,0,0,0,16.677841501564128,0.4124347413383958,0,1077.3216964407472,574.6624846583935,8848.90222282831,0.56,0
316650,Sudeste,Minas Gerais,Serra Azul de Minas,Menor porte,Não municipalizado,0,0,0,0,0,14.026087105565363,0.5423011844331641,0,1095.0605778191984,275.39608574091335,8069.198508853681,0.557,0
316770,Sudeste,Minas Gerais,Sobrália,Menor porte,Não municipalizado,0,0,0,0,0,18.99706400469759,0.4198763670946267,0,1450.8523757707653,381.39281828073996,10115.342763873776,0.631,0
316790,Sudeste,Minas Gerais,Tabuleiro,Menor porte,Não municipalizado,0,0,0,0,0,17.958382877526756,0.2733925771040251,0,1725.9978425026968,515.9115426105717,15242.44875943905,0.681,0
316805,Sudeste,Minas Gerais,Taparuba,Menor porte,Não municipalizado,0,0,0,0,0,16.72197962154294,0.43424317617866004,0,1612.3831022250886,389.87423411802644,12360.851338277975,0.645,0
316830,Sudeste,Minas Gerais,Taquaraçu de Minas,Menor porte,Não municipalizado,0,0,0,0,0,17.929677326002025,0.2370049504950495,0,1366.1868748475238,394.24249817028544,12143.44962185899,0.651,0
316905,Sudeste,Minas Gerais,Tocos do Moji,Menor porte,Não municipalizado,0,0,0,0,0,17.330824435497988,0.3019575177009579,0,876.1255779995133,584.3270868824532,12896.811876368945,0.696,0
316920,Sudeste,Minas Gerais,Tombos,Menor porte,Não municipalizado,0,0,0,0,0,13.736093943139679,0.34814504296793125,636.9426751592357,2101.9108280254777,607.7707006369427,12396.050955414014,0.718,0
316980,Sudeste,Minas Gerais,Turvolândia,Menor porte,Não municipalizado,0,0,0,0,0,14.807945397269863,0.25601374570446733,0,670.611439842209,573.9644970414201,19703.353057199212,0.696,0
317043,Sudeste,Minas Gerais,União de Minas,Menor porte,Não municipalizado,0,0,0,0,0,16.400487997889737,0.2772972972972973,793.6507936507936,1587.3015873015872,431.83940242763776,24706.58263305322,0.672,0
317050,Sudeste,Minas Gerais,Urucânia,Menor porte,Não municipalizado,0,0,0,0,0,12.500667556742323,0.25677295612562934,0,947.3175447075882,403.1899468342194,19916.384726921216,0.633,0
317107,Sudeste,Minas Gerais,Veredinha,Menor porte,Não municipalizado,0,0,0,0,0,16.66712580348944,0.4868725868725869,0,1309.5861707700367,452.2437576392527,17132.355508992492,0.632,0
320180,Sudeste,Espírito Santo,Divino de São Lourenço,Menor porte,Não municipalizado,0,0,0,0,0,16.10012062726176,0.3737942122186495,0,1990.632318501171,582.6697892271662,14960.421545667446,0.632,0
320425,Sudeste,Espírito Santo,Ponto Belo,Menor porte,Não municipalizado,0,0,0,0,0,13.076770087509944,0.401743264659271,0,1133.5012594458437,317.88413098236776,10527.455919395466,0.669,0
330180,Sudeste,Rio de Janeiro,Engenheiro Paulo de Frontin,Menor porte,Não municipalizado,0,0,0,0,0,21.396,0.24356184258251723,206.09764764409067,1662.9948120247318,391.86980314121246,17880.67656882951,0.722,0
330230,Sudeste,Rio de Janeiro,Laje do Muriaé,Menor porte,Municipalizado,0,0,0,0,0,16.158773116824538,0.4318488529014845,409.5004095004095,1597.0515970515971,303.4398034398034,19888.61588861589,0.668,0
350020,Sudeste,São Paulo,Adolfo,Menor porte,Não municipalizado,0,0,0,0,0,18.90980187695516,0.16698509743981657,0,3489.026449071469,736.3534046145188,31335.959482273494,0.73,0
350060,Sudeste,São Paulo,Águas de São Pedro,Menor porte,Municipalizado,0,0,0,0,0,15.127272727272727,0.13192419825072887,0,2130.0766827605794,779.3240556660039,41439.07980687305,0.854,0
350110,Sudeste,São Paulo,Alto Alegre,Menor porte,Não municipalizado,0,0,0,0,0,17.93813775510204,0.18576923076923077,538.1604696673189,1859.0998043052837,636.0078277886497,29502.446183953034,0.7,0
350140,Sudeste,São Paulo,Álvaro de Carvalho,Menor porte,Não municipalizado,0,0,0,0,0,17.630402522723056,0.15606162089752176,0,815.3204398938187,283.0868411073189,9612.24876753887,0.688,0
350240,Sudeste,São Paulo,Anhumas,Menor porte,Não municipalizado,0,0,0,0,0,16.03990854292247,0.18899521531100477,0,1375.4826254826255,504.3436293436293,18005.067567567567,0.741,0
350335,Sudeste,São Paulo,Arco-Íris,Menor porte,Não municipalizado,0,0,0,0,0,16.394544568923525,0.22939424031777558,0,1579.2442188381276,567.9639029892837,23869.712351945855,0.722,0
350395,Sudeste,São Paulo,Aspásia,Menor porte,Não municipalizado,0,0,0,0,0,15.181686384462832,0.20630861040068202,0,2695.2695269526953,645.2145214521452,18319.58195819582,0.735,0
350470,Sudeste,São Paulo,Balbinos,Menor porte,Não municipalizado,0,0,0,0,0,17.912590579710145,0.1407035175879397,0,1297.6070104482642,134.1422312099764,8895.180316818334,0.669,0
350535,Sudeste,São Paulo,Barra do Chapéu,Menor porte,Não municipalizado,0,0,0,0,0,18.599905970850966,0.3988145639288738,0,920.1388888888889,410.06944444444446,18874.652777777777,0.66,0
350730,Sudeste,São Paulo,Boracéia,Menor porte,Não municipalizado,0,0,0,0,0,19.297718419588204,0.12628591699184108,0,1170.912078882498,579.0879211175021,79318.81676253081,0.754,0
350890,Sudeste,São Paulo,Caiabu,Menor porte,Não municipalizado,0,0,0,0,0,17.12220435608829,0.16343882853094002,0,1335.559265442404,504.8891008824231,13968.04197471977,0.729,0
350930,Sudeste,São Paulo,Cajobi,Menor porte,Não municipalizado,0,0,0,0,0,16.463127459641797,0.12059874128253105,302.0007550018875,1359.003397508494,554.8320120800302,14653.548508871272,0.734,0
351015,Sudeste,São Paulo,Canitar,Menor porte,Não municipalizado,0,0,0,0,0,19.588082901554404,0.16173664122137404,0,793.6507936507936,396.0695389266818,26828.609221466366,0.68,0
351330,Sudeste,São Paulo,Cruzália,Menor porte,Não municipalizado,0,0,0,0,0,18.497841872746662,0.16197666437886069,0,1955.0342130987292,712.1212121212121,50735.58162267839,0.774,0
351512,Sudeste,São Paulo,Emilianópolis,Menor porte,Não municipalizado,0,0,0,0,0,17.749377593360997,0.2276467361492046,0,1208.552835450883,564.920979237682,18962.50387356678,0.727,0
351530,Sudeste,São Paulo,Estrela do Norte,Menor porte,Não municipalizado,0,0,0,0,0,18.686105755990084,0.09797822706065319,0,2093.8628158844763,464.25992779783394,18280.86642599278,0.74,0
351535,Sudeste,São Paulo,Euclides da Cunha Paulista,Menor porte,Não municipalizado,0,0,0,0,0,18.252645818413306,0.28033383265568157,0,1147.4530831099196,501.1260053619303,14573.19034852547,0.704,0
351565,Sudeste,São Paulo,Fernão,Menor porte,Não municipalizado,0,0,0,0,0,17.75094325754606,0.1835372636262514,0,2258.25130283729,520.5558772437753,37788.071800810656,0.703,0
351580,Sudeste,São Paulo,Flora Rica,Menor porte,Não municipalizado,0,0,0,0,0,16.36231436121714,0.1337142857142857,0,2377.6223776223774,611.8881118881119,24748.95104895105,0.727,0
351650,Sudeste,São Paulo,Gabriel Monteiro,Menor porte,Não municipalizado,0,0,0,0,0,18.26006904487917,0.19444444444444445,0,1693.0835734870316,674.3515850144091,27461.095100864553,0.763,0
351680,Sudeste,São Paulo,Gastão Vidigal,Menor porte,Não municipalizado,0,0,0,0,0,18,0.20595637583892618,0,781.8930041152264,490.5349794238683,15110.08230452675,0.723,0
351780,Sudeste,São Paulo,Guaraçaí,Menor porte,Não municipalizado,0,0,0,0,0,16.94457117259915,0.22049374365911398,277.44270205066346,1326.8998793727383,713.3896260554885,31962.243667068757,0.719,0
351800,Sudeste,São Paulo,Guarani d'Oeste,Menor porte,Não municipalizado,0,0,0,0,0,16.692460756135308,0.1991701244813278,0,2602.6026026026025,603.1031031031031,17074.074074074073,0.732,0
352120,Sudeste,São Paulo,Iporanga,Menor porte,Não municipalizado,0,0,0,0,0,20.208041958041957,0.23165704863973618,0,1619.4331983805669,288.8783043581805,13814.003334127174,0.703,0
352200,Sudeste,São Paulo,Itaju,Menor porte,Não municipalizado,0,0,0,0,0,15.98161486297977,0.12484624846248463,0,951.8909184461023,418.3174684846926,25099.562644713147,0.705,0
352265,Sudeste,São Paulo,Itapirapuã Paulista,Menor porte,Não municipalizado,0,0,0,0,0,18.708229010181938,0.3339920948616601,0,1171.5089034676664,355.6701030927835,10733.130271790065,0.661,0
352580,Sudeste,São Paulo,Júlio Mesquita,Menor porte,Não municipalizado,0,0,0,0,0,18.63865011142948,0.11868958109559613,0,1104.1666666666667,387.9166666666667,11178.958333333334,0.716,0
352630,Sudeste,São Paulo,Lagoinha,Menor porte,Não municipalizado,0,0,0,0,0,18.589252536801485,0.3245967741935484,0,1615.872366537124,811.617917774596,12661.689507056657,0.693,0
352725,Sudeste,São Paulo,Lourdes,Menor porte,Não municipalizado,0,0,0,0,0,17.52258249230549,0.2551369863013699,0,1260.8695652173913,507.82608695652175,15261.304347826086,0.742,0
352780,Sudeste,São Paulo,Lupércio,Menor porte,Não municipalizado,0,0,0,0,0,18.442677269715045,0.17329255861365953,0,892.0800696257616,426.89295039164494,15964.534377719756,0.724,0
352790,Sudeste,São Paulo,Lutécia,Menor porte,Não municipalizado,0,0,0,0,0,17.399367062595044,0.1429512516469038,0,1745.0682852807286,575.8725341426403,27805.007587253414,0.72,0
352890,Sudeste,São Paulo,Mariápolis,Menor porte,Não municipalizado,0,0,0,0,0,20.238569488456314,0.18467475192943772,0,879.9804448790028,443.41236861403075,14081.153752138842,0.718,0
352965,Sudeste,São Paulo,Mesópolis,Menor porte,Não municipalizado,0,0,0,0,0,19.42290467050544,0.22502250225022502,0,2309.711286089239,583.2020997375328,31572.70341207349,0.724,0
353210,Sudeste,São Paulo,Murutinga do Sul,Menor porte,Não municipalizado,0,0,0,0,0,18.58845825831517,0.20833333333333334,0,1131.8242343541945,564.5805592543276,16051.708832667555,0.726,0
353220,Sudeste,São Paulo,Narandiba,Menor porte,Não municipalizado,0,0,0,0,0,17.3216,0.17303005686433795,0,1488.5807504078302,502.0391517128875,30908.646003262642,0.718,0
353230,Sudeste,São Paulo,Natividade da Serra,Menor porte,Não municipalizado,0,0,0,0,0,17.70785042641592,0.24192462987886945,0,873.2309545317676,447.4555856669678,11079.795242396869,0.655,0
353280,Sudeste,São Paulo,Nova Aliança,Menor porte,Não municipalizado,0,0,0,0,0,17.872297971400066,0.166584280771132,0,1386.530843237125,572.4391624221845,21166.242218449348,0.738,0
353286,Sudeste,São Paulo,Nova Castilho,Menor porte,Não municipalizado,0,0,0,0,0,18.691523605150216,0.13788487282463185,0,3129.8904538341158,584.5070422535211,36033.646322378714,0.756,0
353310,Sudeste,São Paulo,Nova Guataporanga,Menor porte,Não municipalizado,0,0,0,0,0,18.031629718950004,0.18732193732193733,0,2150.537634408602,603.8709677419355,14310.967741935483,0.726,0
353330,Sudeste,São Paulo,Nova Luzitânia,Menor porte,Não municipalizado,0,0,0,0,0,18.371043376318873,0.1615343057806591,0,745.1923076923077,444.95192307692304,11121.634615384615,0.743,0
353360,Sudeste,São Paulo,Nuporanga,Menor porte,Não municipalizado,0,0,0,0,0,17.44439137554585,0.11012235817575083,0,1377.3736293126503,601.096549879647,54328.028884728534,0.746,0
354085,Sudeste,São Paulo,Pracinha,Menor porte,Não municipalizado,0,0,0,0,0,13.059856390181732,0.22451612903225807,0,1353.2763532763533,183.99810066476732,7799.620132953466,0.696,0
354110,Sudeste,São Paulo,Presidente Alves,Menor porte,Não municipalizado,0,0,0,0,0,18.907781155015197,0.16177777777777777,0,1053.921568627451,551.4705882352941,18289.460784313724,0.735,0
354180,Sudeste,São Paulo,Queiroz,Menor porte,Não municipalizado,0,0,0,0,0,15.952391807822808,0.1630049610205528,0,1676.3005780346818,407.8034682080925,241867.9190751445,0.715,0
354230,Sudeste,São Paulo,Redenção da Serra,Menor porte,Não municipalizado,0,0,0,0,0,18.67048710601719,0.22277005826983415,0,1198.228705392029,581.1409221151341,14414.43084136494,0.657,0
354310,Sudeste,São Paulo,Ribeirão Corrente,Menor porte,Não municipalizado,0,0,0,0,0,16.127741086431858,0.19664634146341464,0,631.3131313131313,552.1885521885522,30524.410774410775,0.711,0
354323,Sudeste,São Paulo,Ribeirão dos Índios,Menor porte,Não municipalizado,0,0,0,0,0,20.18309438470729,0.3241106719367589,0,1708.63309352518,568.7949640287769,17498.201438848922,0.721,0
354420,Sudeste,São Paulo,Riolândia,Menor porte,Não municipalizado,0,0,0,0,0,13.508340456220951,0.19055225924235508,283.71030026006775,1095.4369926708173,345.3384821498936,17341.634486563165,0.703,0
354450,Sudeste,São Paulo,Rubinéia,Menor porte,Não municipalizado,0,0,0,0,0,18.482002632653987,0.16268343815513628,0,1735.0157728706624,752.3659305993691,26607.57097791798,0.759,0
354460,Sudeste,São Paulo,Sabino,Menor porte,Não municipalizado,0,0,0,0,0,17.6030109970377,0.25336754329698524,0,961.8810117563236,555.3972212326327,18908.265051656574,0.728,0
354600,Sudeste,São Paulo,Santa Branca,Menor porte,Municipalizado,0,0,0,0,0,17.420355314664256,0.161636759108211,0,854.8159116914585,495.12014538601335,17666.21794440331,0.735,0
354900,Sudeste,São Paulo,São Francisco,Menor porte,Não municipalizado,0,0,0,0,0,18.477139910622206,0.21273031825795644,0,1916.9329073482427,635.7827476038339,16202.34291799787,0.723,0
354920,Sudeste,São Paulo,São João das Duas Pontes,Menor porte,Não municipalizado,0,0,0,0,0,20.895585738539896,0.14346895074946467,0,741.897696212417,547.0519328387348,17744.24053104256,0.72,0
354960,Sudeste,São Paulo,São José do Barreiro,Menor porte,Não municipalizado,0,0,0,0,0,14.674353700109124,0.22315536892621476,0,1206.5637065637065,402.26833976833973,12224.662162162162,0.684,0
355255,Sudeste,São Paulo,Suzanápolis,Menor porte,Não municipalizado,0,0,0,0,0,11.038216560509554,0.14883520276100087,0,1469.8555057299452,577.4788241155953,40230.69257598405,0.699,0
355365,Sudeste,São Paulo,Taquaral,Menor porte,Não municipalizado,0,0,0,0,0,12.78657191864739,0.10313588850174216,0,1741.912548880199,510.1315321720583,13710.984713828653,0.759,0
355465,Sudeste,São Paulo,Torre de Pedra,Menor porte,Não municipalizado,0,0,0,0,0,13.970703125,0.17595108695652173,0,1362.5103220478943,607.7621800165152,12838.563170933114,0.714,0
355475,Sudeste,São Paulo,Trabiju,Menor porte,Não municipalizado,0,0,0,0,0,11.438558843460584,0.10162162162162162,0,2071.3463751438435,532.2209436133487,20920.598388952818,0.722,0
355530,Sudeste,São Paulo,Turmalina,Menor porte,Não municipalizado,0,0,0,0,0,12.219903691813805,0.1182033096926714,0,2358.4905660377362,748.2311320754717,34854.95283018868,0.736,0
355550,Sudeste,São Paulo,Ubirajara,Menor porte,Não municipalizado,0,0,0,0,0,12.709501274117219,0.16718159972536903,0,1582.0149875104082,606.3696919233972,19129.6835970025,0.727,0
355570,Sudeste,São Paulo,União Paulista,Menor porte,Não municipalizado,0,0,0,0,0,12.939630271519354,0.178117048346056,0,1179.6246648793565,632.171581769437,24037.533512064343,0.749,0
355590,Sudeste,São Paulo,Uru,Menor porte,Não municipalizado,0,0,0,0,0,11.219876277568586,0.14182692307692307,0,2168.256721595837,721.5958369470945,31792.71465741544,0.712,0
355660,Sudeste,São Paulo,Vera Cruz,Menor porte,Não municipalizado,0,0,0,0,0,14.710109622411693,0.20030097817908202,665.2499307031322,988.6353136838214,613.9702485447658,16292.432782038251,0.754,0
410010,Sul,Paraná,Abatiá,Menor porte,Não municipalizado,0,0,0,0,0,14.521901211556385,0.23648007590132827,296.97624190064795,890.9287257019439,569.1144708423326,25483.80129589633,0.687,0
410115,Sul,Paraná,Ângulo,Menor porte,Não municipalizado,0,0,0,0,0,15.579019073569482,0.22511724856696197,0,1843.0034129692833,654.9488054607508,38229.69283276451,0.721,0
410275,Sul,Paraná,Bela Vista da Caroba,Menor porte,Não municipalizado,0,0,0,0,0,12.089467585533939,0.3185595567867036,0,1504.1943881978596,730.9806190338444,20018.513161700896,0.681,0
410315,Sul,Paraná,Bom Jesus do Sul,Menor porte,Não municipalizado,0,0,0,0,0,10.500489396411092,0.28011075219197046,0,1340.559041642898,618.0832857957787,20024.814603536794,0.697,0
410645,Sul,Paraná,Coronel Domingos Soares,Menor porte,Não municipalizado,0,0,0,0,0,12.35056713268267,0.17722960151802655,0,1050.8113860069168,350.49215216812985,25682.22931630753,0.6,0
410655,Sul,Paraná,Corumbataí do Sul,Menor porte,Não municipalizado,0,0,0,0,0,10.568634825122226,0.27419354838709675,0,1439.0789894467541,733.6104892868565,19973.137192196995,0.638,0
410845,Sul,Paraná,Foz do Jordão,Menor porte,Não municipalizado,0,0,0,0,0,13.730618401206636,0.09557522123893805,0,1624.231782265145,620.0614574187883,27155.399473222125,0.645,0
410910,Sul,Paraná,Guaporema,Menor porte,Não municipalizado,0,0,0,0,0,12.582745784227951,0.261094674556213,0,1160.1963409192326,603.3020972780009,29402.498884426594,0.719,0
410950,Sul,Paraná,Guaraqueçaba,Menor porte,Não municipalizado,0,0,0,0,0,16.932626797880392,0.3162303664921466,184.35607058203846,1988.4119041348433,125.75717671846195,13927.969449565446,0.587,0
411005,Sul,Paraná,Iguatu,Menor porte,Não municipalizado,0,0,0,0,0,17.37239082161362,0.3615686274509804,0,2041.7221482467821,565.9121171770972,27890.368397691967,0.703,0
411065,Sul,Paraná,Iracema do Oeste,Menor porte,Não municipalizado,0,0,0,0,0,13.914870192136947,0.2419452887537994,0,1599.2892047978676,730.786317192359,34265.65970679698,0.707,0
411100,Sul,Paraná,Itambaracá,Menor porte,Não municipalizado,0,0,0,0,0,14.37761717504517,0.2100433341830232,320.659642693541,931.439914490762,599.0227515651244,24104.748816613224,0.694,0
411110,Sul,Paraná,Itambé,Menor porte,Não municipalizado,0,0,0,0,0,11.846200241254524,0.2628584433318161,261.9086593550499,1407.7590440333934,719.2666557538059,28596.005892944835,0.746,0
411340,Sul,Paraná,Leópolis,Menor porte,Não municipalizado,0,0,0,0,0,11.676818950930626,0.2163375224416517,0,1197.4522292993631,567.6433121019109,35178.59872611465,0.707,0
411375,Sul,Paraná,Lunardelli,Menor porte,Não municipalizado,0,0,0,0,0,11.360741080998316,0.27525575447570333,611.2984822934233,1349.0725126475547,659.3591905564924,18997.259696458685,0.69,0
411590,Sul,Paraná,Mirador,Menor porte,Não municipalizado,0,0,0,0,0,9.168539325842696,0.2698724239450442,0,1684.8816029143898,464.0255009107468,46199.45355191257,0.68,0
411650,Sul,Paraná,Nova Aliança do Ivaí,Menor porte,Não municipalizado,0,0,0,0,0,10.894981020666386,0.3275862068965517,0,2192.134107027724,523.5332043842682,26559.638942617665,0.717,0
411965,Sul,Paraná,Pitangueiras,Menor porte,Não municipalizado,0,0,0,0,0,12.135405501964987,0.200859291084855,0,797.0570202329859,570.8154506437768,27471.79644389945,0.71,0
412015,Sul,Paraná,Porto Barreiro,Menor porte,Não municipalizado,0,0,0,0,0,10.772883015173765,0.23008385744234802,0,1224.8743718592964,599.2462311557789,34032.0351758794,0.688,0
412210,Sul,Paraná,Rio Bom,Menor porte,Não municipalizado,0,0,0,0,0,10.624087591240876,0.24923211935059236,0,1602.7655562539285,716.2162162162163,21413.26209930861,0.729,0
412310,Sul,Paraná,Santa Amélia,Menor porte,Não municipalizado,0,0,0,0,0,11.061624649859944,0.25064201335387776,459.2774035517453,1163.5027556644213,596.1420698101654,23267.911818738517,0.653,0
412360,Sul,Paraná,Santa Inês,Menor porte,Não municipalizado,0,0,0,0,0,10.193877551020408,0.18668122270742357,0,1442.9109159347554,574.6549560853199,27520.07528230866,0.717,0
412555,Sul,Paraná,São Manoel do Paraná,Menor porte,Não municipalizado,0,0,0,0,0,11.166820276497695,0.32492354740061163,0,1479.4267221451687,604.7156726768377,25286.176606564957,0.725,0
412665,Sul,Paraná,Sulina,Menor porte,Não municipalizado,0,0,0,0,0,11.256205673758865,0.22764227642276422,0,1467.5767918088738,755.6313993174062,34013.6518771331,0.693,0
420005,Sul,Santa Catarina,Abdon Batista,Menor porte,Não municipalizado,0,0,0,0,0,18.679287305122493,0.19810795770728992,0,1530.612244897959,705.2590266875981,25585.557299843014,0.694,0
420075,Sul,Santa Catarina,Alto Bela Vista,Menor porte,Não municipalizado,0,0,0,0,0,17.77446808510638,0.18538647342995168,0,2284.527518172378,859.8130841121496,31492.731048805814,0.755,0
420090,Sul,Santa Catarina,Angelina,Menor porte,Não municipalizado,0,0,0,0,0,15.474304783092325,0.34953395472703064,1581.2776723592663,1749.9472907442546,950.0316255534473,28122.074636306137,0.687,0
420110,Sul,Santa Catarina,Anitápolis,Menor porte,Não municipalizado,0,0,0,0,0,17.64359733530718,0.31452802359882004,1332.094175960347,2199.5043370508056,840.1486988847585,19287.174721189593,0.674,0
420208,Sul,Santa Catarina,Bandeirante,Menor porte,Não municipalizado,0,0,0,0,0,18.262350119904077,0.3229665071770335,0,1548.3383685800604,789.2749244712991,30000.377643504533,0.672,0
420209,Sul,Santa Catarina,Barra Bonita,Menor porte,Não municipalizado,0,0,0,0,0,17.05,0.35257410296411856,0,1393.0950938824953,776.4990914597214,22348.273773470624,0.701,0
420350,Sul,Santa Catarina,Campo Erê,Menor porte,Não municipalizado,0,0,0,0,0,18.522483940042825,0.18050734312416555,593.9653124257543,1900.688999762414,889.76003801378,33075.789973865525,0.69,0
420410,Sul,Santa Catarina,Caxambu do Sul,Menor porte,Não municipalizado,0,0,0,0,0,16.294098781270044,0.2798076923076923,760.3491974091805,2365.5308363841173,878.6257392283864,39760.06758659532,0.691,0
420415,Sul,Santa Catarina,Celso Ramos,Menor porte,Não municipalizado,0,0,0,0,0,17.246296296296297,0.1638888888888889,0,1103.3468186833395,794.4097094520044,21866.86281721221,0.719,0
420445,Sul,Santa Catarina,Coronel Martins,Menor porte,Não municipalizado,0,0,0,0,0,20.951499680918953,0.2544642857142857,0,1135.0293542074364,613.6986301369864,18729.158512720158,0.696,0
420475,Sul,Santa Catarina,Cunhataí,Menor porte,Não municipalizado,0,0,0,0,0,14.954022988505747,0.25404312668463613,0,1270.9710218607015,754.4483985765124,26395.52618200305,0.754,0
420510,Sul,Santa Catarina,Dona Emma,Menor porte,Não municipalizado,0,0,0,0,0,17.550205891669307,0.24495586380832282,0,979.4553272814142,757.7639751552795,27825.131390348783,0.742,0
420555,Sul,Santa Catarina,Frei Rogério,Menor porte,Não municipalizado,0,0,0,0,0,17.95303867403315,0.23318632855567806,0,1269.0355329949239,920.8121827411168,36889.84771573604,0.682,0
420785,Sul,Santa Catarina,Irati,Menor porte,Não municipalizado,0,0,0,0,0,16.52956989247312,0.29328859060402684,0,1728.6537454164486,780.5133577789418,20369.30330015715,0.707,0
420895,Sul,Santa Catarina,Jardinópolis,Menor porte,Não municipalizado,0,0,0,0,0,17.065420560747665,0.2383177570093458,0,1940.4915912031047,830.5304010349288,33254.204398447604,0.709,0
421070,Sul,Santa Catarina,Matos Costa,Menor porte,Não municipalizado,0,0,0,0,0,19.508130081300813,0.1582608695652174,0,2217.741935483871,695.5645161290322,20744.354838709678,0.657,0
421085,Sul,Santa Catarina,Mirim Doce,Menor porte,Não municipalizado,0,0,0,0,0,17.753253012048194,0.26849183477425553,0,1138.8523872098117,911.957950065703,25612.790188348663,0.708,0
421165,Sul,Santa Catarina,Novo Horizonte,Menor porte,Não municipalizado,0,0,0,0,0,16.909688995215312,0.21407274895646988,0,1206.322795341098,697.5873544093179,37527.03826955075,0.706,0
421185,Sul,Santa Catarina,Ouro Verde,Menor porte,Não municipalizado,0,0,0,0,0,17.08454258675079,0.25015752993068685,0,1404.6216583597645,719.0756683280472,42479.38377888536,0.695,0
421187,Sul,Santa Catarina,Paial,Menor porte,Não municipalizado,0,0,0,0,0,16.29106628242075,0.2523992322456814,0,2645.8616010854817,706.9199457259159,27844.640434192672,0.718,0
421227,Sul,Santa Catarina,Passos Maia,Menor porte,Não municipalizado,0,0,0,0,0,17.59686817188638,0.15976761074800291,0,1143.8306157215868,670.2360671696277,32432.465320029205,0.659,0
421260,Sul,Santa Catarina,Peritiba,Menor porte,Não municipalizado,0,0,0,0,0,17.379367036580355,0.16816326530612244,1159.4202898550725,1920.289855072464,887.6811594202898,34023.913043478264,0.766,0
421390,Sul,Santa Catarina,Presidente Castello Branco,Menor porte,Não municipalizado,0,0,0,0,0,17.735395189003437,0.18792866941015088,0,1616.0310277957337,942.4692954104719,35493.21266968326,0.77,0
421410,Sul,Santa Catarina,Presidente Nereu,Menor porte,Não municipalizado,0,0,0,0,0,16.916868932038835,0.3265060240963855,0,832.2382829610161,727.1134472185721,22459.483136224266,0.737,0
421415,Sul,Santa Catarina,Princesa,Menor porte,Não municipalizado,0,0,0,0,0,16.97467749641663,0.30596658711217184,0,1021.4504596527069,713.3129043241403,25225.400068096696,0.706,0
421460,Sul,Santa Catarina,Rio do Oeste,Menor porte,Não municipalizado,0,0,0,0,0,16.15523842673164,0.2473099618188129,0,744.6808510638298,766.2234042553191,27606.382978723403,0.754,0
421490,Sul,Santa Catarina,Rio Fortuna,Menor porte,Não municipalizado,0,0,0,0,0,14.837327376116978,0.2818329278183293,692.6406926406927,1774.891774891775,1067.5324675324675,53019.26406926407,0.806,0
421560,Sul,Santa Catarina,Santa Rosa de Lima,Menor porte,Não municipalizado,0,0,0,0,0,16.730100640439158,0.32465753424657534,0,1583.6050302748022,1020.0279459711226,26780.15836050303,0.757,0
421568,Sul,Santa Catarina,Santa Terezinha do Progresso,Menor porte,Não municipalizado,0,0,0,0,0,16.189206349206348,0.31705770450221943,0,1728.4991568296794,664.8397976391232,22056.070826306914,0.682,0
421569,Sul,Santa Catarina,Santiago do Sul,Menor porte,Não municipalizado,0,0,0,0,0,16.17217391304348,0.2723330442324371,0,1862.348178137652,933.6032388663967,28414.574898785424,0.728,0
421575,Sul,Santa Catarina,São Bernardino,Menor porte,Não municipalizado,0,0,0,0,0,16.262688232013385,0.2931995540691193,0,1224.3113248797551,784.4337560122431,28000.8745080892,0.677,0
421795,Sul,Santa Catarina,Tigrinhos,Menor porte,Não municipalizado,0,0,0,0,0,15.390451275343361,0.3342053629823414,0,1791.2291537986412,944.4101297096973,37434.21865348981,0.717,0
421885,Sul,Santa Catarina,União do Oeste,Menor porte,Municipalizado,0,0,0,0,0,18.609724047306177,0.2743556138051551,0,1160.8623548922055,949.0049751243781,27274.046434494197,0.705,0
421895,Sul,Santa Catarina,Urupema,Menor porte,Não municipalizado,0,0,0,0,0,17.12165963431786,0.12157413914265636,0,1138.6742578283854,578.6905246034974,27089.873932492883,0.699,0
421985,Sul,Santa Catarina,Zortéa,Menor porte,Não municipalizado,0,0,0,0,0,16.72579001019368,0.18578680203045686,0,706.2978222483814,579.752795762213,24256.032960565037,0.761,0
430030,Sul,Rio Grande do Sul,Alecrim,Menor porte,Municipalizado,0,0,0,0,0,15.92229425337875,0.25510438173893096,858.074480864939,1681.8259824952806,748.0693324180538,20254.84812081689,0.672,0
430045,Sul,Rio Grande do Sul,Alegria,Menor porte,Municipalizado,0,0,0,0,0,20.523558368495078,0.2663000785545954,0,1896.858328393598,754.5939537640783,32870.18375815056,0.695,0
430057,Sul,Rio Grande do Sul,Alto Feliz,Menor porte,Municipalizado,0,0,0,0,0,17.905428735852677,0.21502797761790568,0,1284.5849802371542,824.1106719367589,39452.89855072464,0.734,0
430063,Sul,Rio Grande do Sul,Amaral Ferrador,Menor porte,Municipalizado,0,0,0,0,0,16.312534734502098,0.3039161610590182,0,691.6019760056457,511.7854622441779,17075.511644318984,0.624,0
430066,Sul,Rio Grande do Sul,André da Rocha,Menor porte,Municipalizado,0,0,0,0,0,20.426666666666666,0.07403055229142186,0,2606.1057334326133,633.6559940431869,79234.54951600893,0.72,0
430085,Sul,Rio Grande do Sul,Arambaré,Menor porte,Municipalizado,0,0,0,0,0,19.239103115285403,0.21515397082658022,0,1796.7434025828188,692.8691746209994,38634.75575519371,0.691,0
430192,Sul,Rio Grande do Sul,Barra do Rio Azul,Menor porte,Municipalizado,0,0,0,0,0,20.829408020369193,0.23097345132743363,0,1570.9969788519638,682.7794561933534,32343.20241691843,0.723,0
430222,Sul,Rio Grande do Sul,Boa Vista do Cadeado,Menor porte,Municipalizado,0,0,0,0,0,20.74936262012159,0.16557161629434955,0,1863.8573743922204,616.6936790923825,101952.99837925445,0.703,0
430258,Sul,Rio Grande do Sul,Bozano,Menor porte,Municipalizado,0,0,0,0,0,20.393349478390462,0.15825545171339564,0,1847.4656560871626,760.3031738512553,62094.74182851729,0.745,0
430260,Sul,Rio Grande do Sul,Braga,Menor porte,Municipalizado,0,0,0,0,0,20.449133537206933,0.2876011930123562,0,1328.9036544850499,708.8492902446391,28535.789791603744,0.674,0
430370,Sul,Rio Grande do Sul,Campina das Missões,Menor porte,Municipalizado,0,0,0,0,0,15.03862660944206,0.2487763353905086,1018.895887365691,2148.9440533530938,870.5075954057057,30201.741385698406,0.738,0
430380,Sul,Rio Grande do Sul,Campinas do Sul,Menor porte,Municipalizado,0,0,0,0,0,17.642440318302388,0.12876137158852344,901.066568591394,1287.2379551305628,788.341301949246,43047.07613093049,0.76,0
430410,Sul,Rio Grande do Sul,Campos Borges,Menor porte,Municipalizado,0,0,0,0,0,16.57553548631141,0.17016806722689076,0,1729.8937784522004,866.7678300455235,27021.24430955994,0.708,0
430430,Sul,Rio Grande do Sul,Cândido Godói,Menor porte,Municipalizado,0,0,0,0,0,21.43294691081544,0.24264307636757537,634.0432450008129,1772.0695821817592,900.5039830921802,39466.75337343521,0.728,0
430461,Sul,Rio Grande do Sul,Canudos do Vale,Menor porte,Municipalizado,0,0,0,0,0,16.076333385729658,0.2420443587270974,0,1818.181818181818,608.2111436950146,28994.134897360706,0.713,0
430469,Sul,Rio Grande do Sul,Capitão,Menor porte,Municipalizado,0,0,0,0,0,19.02431769167844,0.2834498834498835,0,1230.5465074194717,776.3300760043431,27694.534925805285,0.746,0
430471,Sul,Rio Grande do Sul,Caraá,Menor porte,Municipalizado,0,0,0,0,0,16.60263118552848,0.2510310695628265,0,790.4191616766467,435.56886227544913,14331.736526946108,0.652,0
430511,Sul,Rio Grande do Sul,Centenário,Menor porte,Municipalizado,0,0,0,0,0,20.06651376146789,0.14727540500736377,0,729.92700729927,708.029197080292,28863.39937434828,0.701,0
430585,Sul,Rio Grande do Sul,Coqueiros do Sul,Menor porte,Municipalizado,0,0,0,0,0,20.415285451197054,0.20933977455716588,0,1531.058617672791,814.9606299212599,47545.056867891515,0.746,0
430593,Sul,Rio Grande do Sul,Coronel Pilar,Menor porte,Municipalizado,0,0,0,0,0,18.35962441314554,0.08807829181494661,0,929.368029739777,696.4064436183395,26251.548946716233,0.727,0
430613,Sul,Rio Grande do Sul,Cruzaltense,Menor porte,Municipalizado,0,0,0,0,0,18.972754491017962,0.21572720946416143,0,1667.5931072818232,798.7770983879934,49215.67537520845,0.719,0
430637,Sul,Rio Grande do Sul,Dilermando de Aguiar,Menor porte,Não municipalizado,0,0,0,0,0,20.536666666666665,0.20327102803738317,0,1399.0672884743506,427.71485676215855,48010.32644903398,0.648,0
430670,Sul,Rio Grande do Sul,Dona Francisca,Menor porte,Municipalizado,0,0,0,0,0,17.93763724198507,0.256059009483667,0,1233.7445815271758,632.8776258752918,25466.48882960987,0.697,0
430692,Sul,Rio Grande do Sul,Engenho Velho,Menor porte,Municipalizado,0,0,0,0,0,19.616862988220706,0.15789473684210525,0,3462.3217922606927,793.2790224032586,55559.063136456214,0.717,0
430697,Sul,Rio Grande do Sul,Erebango,Menor porte,Municipalizado,0,0,0,0,0,18.597216758457908,0.12651209677419356,0,1542.5888665325285,665.3252850435949,41390.342052313885,0.712,0
430745,Sul,Rio Grande do Sul,Esperança do Sul,Menor porte,Municipalizado,0,0,0,0,0,20.102115244347193,0.32032967032967036,0,1178.5095320623916,630.8492201039861,28558.058925476602,0.661,0
430786,Sul,Rio Grande do Sul,Fagundes Varela,Menor porte,Municipalizado,0,0,0,0,0,21.07956715467855,0.13809300140911226,0,1094.4910616563297,776.7238234221088,32226.924480116744,0.763,0
430925,Sul,Rio Grande do Sul,Guabiju,Menor porte,Municipalizado,0,0,0,0,0,21.570364458632614,0.08044901777362021,268.45637583892614,1610.7382550335572,717.4496644295302,48470.469798657716,0.758,0
430970,Sul,Rio Grande do Sul,Humaitá,Menor porte,Não municipalizado,0,0,0,0,0,22.347765846899897,0.22528989508558808,675.6756756756757,1013.5135135135135,764.7804054054054,34780.8277027027,0.738,0
430995,Sul,Rio Grande do Sul,Ibirapuitã,Menor porte,Municipalizado,0,0,0,0,0,20.409993593850096,0.13309859154929576,0,875.0000000000001,710,34607.5,0.638,0
431041,Sul,Rio Grande do Sul,Inhacorá,Menor porte,Municipalizado,0,0,0,0,0,18.912774338773215,0.17598187311178248,0,1444.6952595936793,597.7426636568849,30842.889390519187,0.673,0
431046,Sul,Rio Grande do Sul,Ipiranga do Sul,Menor porte,Municipalizado,0,0,0,0,0,16.509604076832616,0.14869466515323496,0,1382.9787234042553,937.2340425531916,56826.59574468085,0.791,0
431075,Sul,Rio Grande do Sul,Ivorá,Menor porte,Municipalizado,0,0,0,0,0,16.739291598023065,0.15539452495974235,1275.9170653907497,1275.9170653907497,660.2870813397129,28021.79691653376,0.724,0
431087,Sul,Rio Grande do Sul,Jacuizinho,Menor porte,Municipalizado,0,0,0,0,0,16.947757945145842,0.23104956268221574,0,1219.5121951219512,507.0214338507022,43067.997043606796,0.662,0
431112,Sul,Rio Grande do Sul,Jaquirana,Menor porte,Não municipalizado,0,0,0,0,0,19.162324649298597,0.07834308869878433,273.07482250136536,1146.9142545057346,606.4991807755324,19114.41835062807,0.614,0
431113,Sul,Rio Grande do Sul,Jari,Menor porte,Municipalizado,0,0,0,0,0,15.982771578886512,0.2746653445711453,0,860.5851979345955,578.6001147446931,57426.27653471027,0.631,0
431123,Sul,Rio Grande do Sul,Lagoa Bonita do Sul,Menor porte,Municipalizado,0,0,0,0,0,18.56780229758004,0.20481927710843373,0,924.3409791167409,539.8836015063334,19607.66860664156,0.67,0
431125,Sul,Rio Grande do Sul,Lagoão,Menor porte,Municipalizado,0,0,0,0,0,20.63918058185574,0.2785953177257525,0,665.5316514471444,462.77665995975855,17600.681009131713,0.643,0
431142,Sul,Rio Grande do Sul,Lajeado do Bugre,Menor porte,Não municipalizado,0,0,0,0,0,17.99900645802285,0.2596078431372549,0,1325.0194855806703,496.8823070927514,21602.4941543258,0.613,0
431160,Sul,Rio Grande do Sul,Liberato Salzano,Menor porte,Municipalizado,0,0,0,0,0,17.609190107390667,0.25994946304485156,0,1106.3664596273293,614.5186335403727,27550.271739130436,0.685,0
431164,Sul,Rio Grande do Sul,Linha Nova,Menor porte,Municipalizado,0,0,0,0,0,17.879944802207913,0.18412698412698414,0,988.9470622454915,732.9842931937172,31950.552646887725,0.749,0
431200,Sul,Rio Grande do Sul,Mariano Moro,Menor porte,Municipalizado,0,0,0,0,0,22.055417700578992,0.1118925831202046,0,1543.0562468889996,778.4967645594824,27280.73668491787,0.73,0
431217,Sul,Rio Grande do Sul,Mato Queimado,Menor porte,Municipalizado,0,0,0,0,0,19.38948069241012,0.24779959377115776,0,1780.2332719459791,906.6912216083487,33945.36525475752,0.717,0
431235,Sul,Rio Grande do Sul,Montauri,Menor porte,Municipalizado,0,0,0,0,0,20.72029702970297,0.09273570324574962,0,1665.5100624566273,897.9875086745316,41257.460097154755,0.764,0
431238,Sul,Rio Grande do Sul,Monte Belo do Sul,Menor porte,Municipalizado,0,0,0,0,0,17.114727504918374,0.1344922232387923,0,1106.7193675889328,864.0316205533597,29356.521739130436,0.752,0
431262,Sul,Rio Grande do Sul,Muliterno,Menor porte,Municipalizado,0,0,0,0,0,19.36311651179414,0.16936104695919937,0,1634.1591987348445,684.7654190827623,27251.449657353718,0.689,0
431295,Sul,Rio Grande do Sul,Nova Boa Vista,Menor porte,Municipalizado,0,0,0,0,0,18.547246770904145,0.22969187675070027,0,2110.6674272675414,1018.2544209925841,57415.28807758129,0.768,0
431301,Sul,Rio Grande do Sul,Nova Candelária,Menor porte,Municipalizado,0,0,0,0,0,20.775404530744336,0.34860947904426165,0,1004.4642857142858,949.7767857142857,61585.56547619047,0.759,0
431333,Sul,Rio Grande do Sul,Nova Ramada,Menor porte,Municipalizado,0,0,0,0,0,17.665108372290693,0.20010875475802067,0,1262.3985572587917,829.1253381424707,65307.93507664563,0.742,0
431344,Sul,Rio Grande do Sul,Novo Tiradentes,Menor porte,Municipalizado,0,0,0,0,0,20.559283437073024,0.2677100494233937,0,1227.2727272727273,551.8181818181818,23800.454545454544,0.676,0
431346,Sul,Rio Grande do Sul,Novo Xingu,Menor porte,Municipalizado,0,0,0,0,0,17.48935298935299,0.19480519480519481,0,1285.0467289719627,584.696261682243,34262.85046728972,0.767,0
431420,Sul,Rio Grande do Sul,Pedro Osório,Menor porte,Municipalizado,0,0,0,0,0,20.513313376398298,0.22473512632436837,648.8450558006748,1038.1520892810797,636.9063067739423,21335.063586815468,0.678,0
431430,Sul,Rio Grande do Sul,Pejuçara,Menor porte,Municipalizado,0,0,0,0,0,18.959100204498977,0.13226985709538053,414.8301788955146,1425.9787399533316,780.1400051853772,62748.24993518279,0.741,0
431446,Sul,Rio Grande do Sul,Pinhal da Serra,Menor porte,Municipalizado,0,0,0,0,0,19.365248226950353,0.12479338842975207,0,1876.9551616266947,630.8654848800834,114903.54535974974,0.65,0
431447,Sul,Rio Grande do Sul,Pinhal Grande,Menor porte,Municipalizado,0,0,0,0,0,18.023973502970403,0.17459677419354838,693.000693000693,1316.7013167013167,572.8805728805729,175680.98868098867,0.678,0
431455,Sul,Rio Grande do Sul,Pirapó,Menor porte,Não municipalizado,0,0,0,0,0,18.140585450105714,0.29415670650730413,0,2307.0097604259095,668.1455190771961,29003.54924578527,0.669,0
431475,Sul,Rio Grande do Sul,Poço das Antas,Menor porte,Municipalizado,0,0,0,0,0,16.427220178665266,0.2339943342776204,0,1189.9095668729176,840.0761542122799,44981.437410756786,0.744,0
431478,Sul,Rio Grande do Sul,Ponte Preta,Menor porte,Municipalizado,0,0,0,0,0,19.538787023977434,0.23116313094367227,0,1377.9527559055118,896.9816272965879,39060.36745406824,0.725,0
431517,Sul,Rio Grande do Sul,Protásio Alves,Menor porte,Municipalizado,0,0,0,0,0,18.043768821418258,0.11644318983768526,0,1135.1909184726524,731.16615067079465,31415.892672858616,0.733,0
431531,Sul,Rio Grande do Sul,Quatro Irmãos,Menor porte,Municipalizado,0,0,0,0,0,20.691477272727273,0.14169215086646278,0,1400.8620689655172,528.5560344827587,61626.0775862069,0.689,0
431535,Sul,Rio Grande do Sul,Quinze de Novembro,Menor porte,Municipalizado,0,0,0,0,0,21.812204867417364,0.11290322580645161,499.6055745464107,1262.1614514856692,815.145937417828,41318.16986589535,0.756,0
431555,Sul,Rio Grande do Sul,Rio dos Índios,Menor porte,Não municipalizado,0,0,0,0,0,18.959101844426623,0.22121604139715395,0,1127.8195488721803,581.203007518797,32740.225563909775,0.656,0
431595,Sul,Rio Grande do Sul,Rolador,Menor porte,Municipalizado,0,0,0,0,0,22.454133635334088,0.2452956989247312,0,1219.5121951219512,648.0836236933798,46146.77700348432,0.689,0
431673,Sul,Rio Grande do Sul,Santa Cecília do Sul,Menor porte,Não municipalizado,0,0,0,0,0,19.390081421169505,0.2108843537414966,0,1835.985312117503,719.7062423500612,50992.65605875153,0.725,0
431725,Sul,Rio Grande do Sul,Santa Tereza,Menor porte,Municipalizado,0,0,0,0,0,19.1191209257883,0.11027332704995288,0,1042.8736964078796,614.7161066048668,24047.508690614137,0.746,0
431755,Sul,Rio Grande do Sul,Santo Antônio do Palma,Menor porte,Municipalizado,0,0,0,0,0,17.080104484109707,0.13657876943881,0,1271.7852096090437,696.6556759302873,35255.29910504004,0.764,0
431795,Sul,Rio Grande do Sul,Santo Expedito do Sul,Menor porte,Não municipalizado,0,0,0,0,0,16.555222467655412,0.22004028197381673,0,1041.2147505422993,861.6052060737527,32058.13449023861,0.732,0
431842,Sul,Rio Grande do Sul,São João da Urtiga,Menor porte,Municipalizado,0,0,0,0,0,18.31901565995526,0.197254132810311,0,840.3361344537815,769.0152984270632,29031.8896789485,0.694,0
431844,Sul,Rio Grande do Sul,São Jorge,Menor porte,Municipalizado,0,0,0,0,0,17.516555883801082,0.12054794520547946,0,1136.3636363636365,777.6988636363636,31987.926136363636,0.732,0
431862,Sul,Rio Grande do Sul,São José dos Ausentes,Menor porte,Municipalizado,0,0,0,0,0,19.44392740809679,0.0940809968847352,0,1072.5373976855772,453.0059271803556,32890.48828676263,0.663,0
431912,Sul,Rio Grande do Sul,São Martinho da Serra,Menor porte,Municipalizado,0,0,0,0,0,21.658088235294116,0.22968397291196388,0,1176.1064685855772,548.4370164035902,57894.150417827295,0.652,0
431930,Sul,Rio Grande do Sul,São Paulo das Missões,Menor porte,Municipalizado,0,0,0,0,0,18.31496448347223,0.2572178477690289,629.3706293706294,1573.4265734265737,732.6923076923076,28246.153846153848,0.692,0
431973,Sul,Rio Grande do Sul,São Valério do Sul,Menor porte,Municipalizado,0,0,0,0,0,18.835598705501617,0.156355455568054,0,1685.5991205569806,325.76035177720775,21528.765115426897,0.642,0
432032,Sul,Rio Grande do Sul,Senador Salgado Filho,Menor porte,Municipalizado,0,0,0,0,0,18.486343612334803,0.17185978578383643,0,1119.1335740072202,741.5162454873646,33646.20938628159,0.693,0
432135,Sul,Rio Grande do Sul,Tavares,Menor porte,Municipalizado,0,0,0,0,0,13.738812785388127,0.1755907867185163,0,820.7185847163961,609.7027174904249,16634.871420755062,0.656,0
432149,Sul,Rio Grande do Sul,Toropi,Menor porte,Municipalizado,0,0,0,0,0,12.796724576740068,0.2773067331670823,0,1226.5512265512266,723.3044733044734,25200.93795093795,0.683,0
432162,Sul,Rio Grande do Sul,Travesseiro,Menor porte,Municipalizado,0,0,0,0,0,12.391549748420726,0.33743085433312847,0,942.5878320479864,697.0865467009426,26362.896315338476,0.701,0
432183,Sul,Rio Grande do Sul,Três Forquilhas,Menor porte,Municipalizado,0,0,0,0,0,12.729861517456602,0.2800207039337474,0,1273.8853503184714,723.8666167103785,21742.600224803296,0.662,0
432215,Sul,Rio Grande do Sul,Tunas,Menor porte,Municipalizado,0,0,0,0,0,13.065261779096197,0.2761816496756256,0,720.9962857767097,471.48787415337557,17663.7535503605,0.657,0
432218,Sul,Rio Grande do Sul,Tupanci do Sul,Menor porte,Não municipalizado,0,0,0,0,0,12.068115942028985,0.16244541484716157,0,1439.342015078821,784.7840986977382,39962.302947224125,0.694,0
432225,Sul,Rio Grande do Sul,Tupandi,Menor porte,Municipalizado,0,0,0,0,0,13.00204248366013,0.20857843137254903,0,850.3745697509618,826.0781534723628,101025.10629682122,0.718,0
432234,Sul,Rio Grande do Sul,Ubiretama,Menor porte,Municipalizado,0,0,0,0,0,12.602524785750294,0.2597799511002445,0,1311.1447302067575,825.0126071608673,33102.37014624307,0.7,0
432235,Sul,Rio Grande do Sul,União da Serra,Menor porte,Municipalizado,0,0,0,0,0,13.144177449168208,0.13413413413413414,0,1788.9087656529516,893.5599284436494,47477.63864042934,0.733,0
432237,Sul,Rio Grande do Sul,Unistalda,Menor porte,Municipalizado,0,0,0,0,0,11.295118818240205,0.19490254872563717,0,1206.3765618267987,574.7522619560534,31107.281344248167,0.649,0
432345,Sul,Rio Grande do Sul,Vila Nova do Sul,Menor porte,Municipalizado,0,0,0,0,0,12.468235294117648,0.14354421013688495,0,1426.233341126958,631.9850362403554,27706.10240823007,0.662,0
432360,Sul,Rio Grande do Sul,Vista Alegre do Prata,Menor porte,Municipalizado,0,0,0,0,0,16.955223880597014,0.1387434554973822,0,899.1650610147719,736.0308285163777,36156.71162491972,0.78,0
432370,Sul,Rio Grande do Sul,Vista Gaúcha,Menor porte,Municipalizado,0,0,0,0,0,11.719408081957884,0.2688679245283019,0,945.7092819614711,668.3012259194396,25305.779334500876,0.757,0
500390,Centro-Oeste,Mato Grosso do Sul,Figueirão,Menor porte,Não municipalizado,0,0,0,0,0,16.8234398782344,0.29433139534883723,326.90421706440014,2353.710362863681,449.82020268061456,34331.15397188624,0.66,0
500520,Centro-Oeste,Mato Grosso do Sul,Ladário,Médio porte,Municipalizado,0,0,0,0,0,19.445552784704905,0.3034348967248659,42.21368567689645,1604.120055722065,369.91852758664356,15335.345519017266,0.704,0
510120,Centro-Oeste,Mato Grosso,Araguainha,Menor porte,Não municipalizado,0,0,0,0,0,16.959009393680613,0.26153846153846155,0,2854.122621564482,206.1310782241015,22276.955602536997,0.701,0
510160,Centro-Oeste,Mato Grosso,Barão de Melgaço,Menor porte,Não municipalizado,0,0,0,0,0,17.89080459770115,0.440084835630965,134.7378735913768,881.9206271435571,115.50710436060754,11075.698187163156,0.6,0
510380,Centro-Oeste,Mato Grosso,Figueirópolis D'Oeste,Menor porte,Municipalizado,0,0,0,0,0,16.13855670103093,0.5534921275736778,0,1390.4982618771726,717.5550405561993,17202.201622247972,0.679,0
510385,Centro-Oeste,Mato Grosso,Gaúcha do Norte,Menor porte,Municipalizado,0,0,0,0,0,14.39503105590062,0.3670432626067787,218.45283988691853,1953.2253919300952,466.33256232331024,69348.36802878437,0.615,0
510530,Centro-Oeste,Mato Grosso,Luciara,Menor porte,Não municipalizado,0,0,0,0,0,16.179783950617285,0.6530014641288433,0,2866.861030126336,331.87560738581146,15055.879494655004,0.676,0
510619,Centro-Oeste,Mato Grosso,Nova Santa Helena,Menor porte,Não municipalizado,0,0,0,0,0,17.23567171022467,0.40790742526518803,0,1257.6933369012577,554.990634198555,44517.259834091514,0.714,0
510670,Centro-Oeste,Mato Grosso,Ponte Branca,Menor porte,Municipalizado,0,0,0,0,0,18.22986285493529,0.44794188861985473,1354.8387096774193,3806.451612903226,266.45161290322585,15906.451612903225,0.686,0
510685,Centro-Oeste,Mato Grosso,Porto Estrela,Menor porte,Não municipalizado,0,0,0,0,0,18.303635217482665,0.4077328646748682,0,1772.6798748696558,395.55092109836636,19165.10253736531,0.599,0
510719,Centro-Oeste,Mato Grosso,Ribeirãozinho,Menor porte,Municipalizado,0,0,0,0,0,17.02537139041896,0.43410852713178294,619.3228736581337,2518.579686209744,426.0941370767961,36881.09000825764,0.692,0
510788,Centro-Oeste,Mato Grosso,Serra Nova Dourada,Menor porte,Não municipalizado,0,0,0,0,0,16.46129800535874,0.5590277777777778,0,2920.143027413588,171.63289630512514,22738.379022646008,0.664,0
520015,Centro-Oeste,Goiás,Adelândia,Menor porte,Não municipalizado,0,0,0,0,0,16.25813449023861,0.3046931407942238,0,1391.0969793322733,550.476947535771,14792.130365659777,0.702,0
520120,Centro-Oeste,Goiás,Anhanguera,Menor porte,Não municipalizado,0,0,0,0,0,16.92142857142857,0.23214285714285715,0,948.2758620689655,482.7586206896552,16042.241379310344,0.725,0
520160,Centro-Oeste,Goiás,Araçu,Menor porte,Não municipalizado,0,0,0,0,0,17.871713508612874,0.29877772747849707,487.66494549627083,2323.580034423408,633.6775674125072,16583.476764199655,0.693,0
520260,Centro-Oeste,Goiás,Aurilândia,Menor porte,Não municipalizado,0,0,0,0,0,15.955994897959183,0.3077897403419886,0,1798.5611510791366,516.3505559189013,19230.542838456506,0.7,0
520455,Centro-Oeste,Goiás,Caldazinha,Menor porte,Municipalizado,0,0,0,0,0,16.794612794612796,0.4105263157894737,0,1169.4386694386694,543.139293139293,14081.081081081082,0.685,0
520570,Centro-Oeste,Goiás,Córrego do Ouro,Menor porte,Não municipalizado,0,0,0,0,0,14.96379726468222,0.3229166666666667,698.6899563318777,1746.7248908296942,544.9781659388647,23947.161572052402,0.686,0
520710,Centro-Oeste,Goiás,Diorama,Menor porte,Não municipalizado,0,0,0,0,0,15.876025524156791,0.4163636363636364,564.7438483259378,2904.3969342476807,443.72730939895115,23649.45542557483,0.729,0
520929,Centro-Oeste,Goiás,Guaraíta,Menor porte,Não municipalizado,0,0,0,0,0,14.365983971504898,0.4190391459074733,0,1998.9748846745258,576.114812916453,18888.774987186058,0.687,0
520945,Centro-Oeste,Goiás,Guarinos,Menor porte,Não municipalizado,0,0,0,0,0,13.04920913884007,0.29947460595446584,0,2072.538860103627,328.72769142199195,33068.5089234312,0.652,0
521205,Centro-Oeste,Goiás,Jesúpolis,Menor porte,Não municipalizado,0,0,0,0,0,17.509293680297397,0.23638613861386137,0,1356.7438148443737,322.4261771747805,12927.77334397446,0.649,0
521225,Centro-Oeste,Goiás,Lagoa Santa,Menor porte,Não municipalizado,0,0,0,0,0,15.388704318936878,0.19435215946843853,0,1789.0191239975325,371.37569401603946,25814.929056138186,0.74,0
521295,Centro-Oeste,Goiás,Matrinchã,Menor porte,Não municipalizado,0,0,0,0,0,14.189532520325203,0.43277524099441905,322.8782287822878,1268.4501845018451,454.56642066420665,24499.308118081182,0.679,0
521340,Centro-Oeste,Goiás,Moiporá,Menor porte,Não municipalizado,0,0,0,0,0,17.622832369942195,0.2478386167146974,0,2331.778814123917,462.35842771485676,24281.145902731514,0.696,0
521490,Centro-Oeste,Goiás,Nova Roma,Menor porte,Não municipalizado,0,0,0,0,0,14.298223350253807,0.34002509410288584,0,1452.4103831891225,246.29171817058096,14908.838071693448,0.634,0
521520,Centro-Oeste,Goiás,Novo Brasil,Menor porte,Não municipalizado,0,0,0,0,0,14.688427299703264,0.41095214602861374,316.5670066830812,2145.6208230742172,712.9792472740063,22655.99718607105,0.699,0
521540,Centro-Oeste,Goiás,Ouro Verde de Goiás,Menor porte,Não municipalizado,0,0,0,0,0,21.14810924369748,0.21395106715252474,0,1665.3236637120601,515.9817351598174,36385.71044856299,0.719,0
521580,Centro-Oeste,Goiás,Palmelo,Menor porte,Não municipalizado,0,0,0,0,0,18.005272407732864,0.2875874125874126,377.99244015119694,3821.9235615287694,480.47039059218815,16696.346073078537,0.73,0
521945,Centro-Oeste,Goiás,Santa Rita do Novo Destino,Menor porte,Não municipalizado,0,0,0,0,0,16.189969604863222,0.25303030303030305,0,1341.2816691505218,196.72131147540983,24990.76005961252,0.634,0
522028,Centro-Oeste,Goiás,São Patrício,Menor porte,Não municipalizado,0,0,0,0,0,12.211967545638945,0.3742393509127789,0,1276.3868433971527,484.0451644575356,19436.426116838487,0.693,0
522070,Centro-Oeste,Goiás,Sítio d'Abadia,Menor porte,Não municipalizado,0,0,0,0,0,16.413612565445025,0.29094076655052264,0,1632.7890703098965,191.26957680773077,18171.609463512163,0.617,0
